cdcr_code,year,days_over_90f,days_over_95f,days_skarha10
ASP,2016,117,83,12
ASP,2017,110,87,13
ASP,2018,100,77,1
ASP,2019,101,66,3
ASP,2020,110,76,4
ASP,2021,114,86,19
ASP,2022,118,83,16
ASP,2023,96,57,10
ASP,2024,123,86,21
ASP,2025,110,69,4
CAL,2016,187,138,1
CAL,2017,195,152,3
CAL,2018,179,148,1
CAL,2019,165,138,2
CAL,2020,185,166,3
CAL,2021,187,148,1
CAL,2022,182,155,0
CAL,2023,167,138,4
CAL,2024,186,158,2
CAL,2025,179,132,2
CCI,2016,25,2,5
CCI,2017,28,8,12
CCI,2018,25,0,2
CCI,2019,19,0,0
CCI,2020,23,2,4
CCI,2021,26,5,7
CCI,2022,19,3,3
CCI,2023,7,2,2
CCI,2024,27,4,7
CCI,2025,4,0,1
CCWF,2016,105,67,6
CCWF,2017,102,80,11
CCWF,2018,98,76,1
CCWF,2019,100,63,4
CCWF,2020,109,73,9
CCWF,2021,108,78,7
CCWF,2022,111,71,9
CCWF,2023,86,48,7
CCWF,2024,107,71,12
CCWF,2025,92,52,0
CEN,2016,183,138,5
CEN,2017,190,145,4
CEN,2018,179,145,3
CEN,2019,158,131,2
CEN,2020,184,168,6
CEN,2021,188,151,6
CEN,2022,183,157,0
CEN,2023,174,147,11
CEN,2024,186,165,10
CEN,2025,194,140,3
CHCF,2016,91,48,10
CHCF,2017,101,60,19
CHCF,2018,86,55,6
CHCF,2019,88,55,8
CHCF,2020,120,69,15
CHCF,2021,88,50,5
CHCF,2022,94,52,13
CHCF,2023,75,38,8
CHCF,2024,100,65,17
CHCF,2025,75,37,5
CIM,2016,105,47,18
CIM,2017,112,60,21
CIM,2018,82,40,14
CIM,2019,70,31,5
CIM,2020,113,59,30
CIM,2021,90,37,7
CIM,2022,92,45,13
CIM,2023,61,36,7
CIM,2024,88,44,15
CIM,2025,74,36,9
CIW,2016,112,56,20
CIW,2017,115,69,21
CIW,2018,95,49,16
CIW,2019,82,43,8
CIW,2020,117,64,22
CIW,2021,88,38,7
CIW,2022,92,51,12
CIW,2023,63,39,5
CIW,2024,89,46,12
CIW,2025,77,34,4
CMC,2016,14,4,24
CMC,2017,19,7,23
CMC,2018,11,1,18
CMC,2019,10,2,15
CMC,2020,22,14,29
CMC,2021,4,1,9
CMC,2022,16,5,17
CMC,2023,7,2,10
CMC,2024,8,5,11
CMC,2025,1,1,3
CMF,2016,71,36,13
CMF,2017,80,40,23
CMF,2018,71,42,8
CMF,2019,68,42,10
CMF,2020,109,57,17
CMF,2021,92,57,21
CMF,2022,88,53,20
CMF,2023,65,33,13
CMF,2024,85,52,22
CMF,2025,54,24,4
COR,2016,122,96,7
COR,2017,115,96,13
COR,2018,110,85,0
COR,2019,110,77,1
COR,2020,118,85,1
COR,2021,123,91,10
COR,2022,123,87,5
COR,2023,98,63,7
COR,2024,126,88,12
COR,2025,111,77,0
CRC,2016,97,44,16
CRC,2017,107,53,18
CRC,2018,88,42,14
CRC,2019,80,40,8
CRC,2020,104,51,16
CRC,2021,82,30,4
CRC,2022,85,40,10
CRC,2023,60,28,3
CRC,2024,86,43,10
CRC,2025,66,25,2
CTF,2016,8,1,12
CTF,2017,25,4,35
CTF,2018,7,1,17
CTF,2019,16,7,28
CTF,2020,24,10,31
CTF,2021,9,3,17
CTF,2022,17,9,26
CTF,2023,8,3,10
CTF,2024,11,4,15
CTF,2025,3,0,10
CVSP,2016,174,132,2
CVSP,2017,185,138,5
CVSP,2018,173,150,3
CVSP,2019,155,133,1
CVSP,2020,187,169,6
CVSP,2021,173,146,1
CVSP,2022,188,162,0
CVSP,2023,181,154,12
FOL,2016,81,41,8
FOL,2017,91,59,20
FOL,2018,79,48,6
FOL,2019,72,43,4
FOL,2020,99,52,9
FOL,2021,75,39,7
FOL,2022,92,58,14
FOL,2023,68,36,11
FOL,2024,89,68,15
FOL,2025,71,39,5
HDSP,2016,46,18,10
HDSP,2017,61,25,17
HDSP,2018,52,21,17
HDSP,2019,42,5,1
HDSP,2020,59,20,16
HDSP,2021,66,41,31
HDSP,2022,60,31,23
HDSP,2023,43,13,9
HDSP,2024,54,24,16
HDSP,2025,59,22,16
ISP,2016,175,132,2
ISP,2017,188,139,6
ISP,2018,174,150,3
ISP,2019,155,133,1
ISP,2020,186,169,9
ISP,2021,174,147,1
ISP,2022,188,162,0
ISP,2023,178,153,9
ISP,2024,185,164,7
ISP,2025,192,146,2
KVSP,2016,122,94,7
KVSP,2017,112,88,3
KVSP,2018,106,81,0
KVSP,2019,104,68,0
KVSP,2020,114,83,1
KVSP,2021,114,94,9
KVSP,2022,119,85,5
KVSP,2023,97,60,2
KVSP,2024,130,94,9
KVSP,2025,114,76,0
LAC,2016,109,85,12
LAC,2017,111,92,18
LAC,2018,113,81,11
LAC,2019,100,63,2
LAC,2020,136,91,13
LAC,2021,114,89,15
LAC,2022,117,89,13
LAC,2023,93,55,12
LAC,2024,118,92,16
LAC,2025,104,69,0
MCSP,2016,85,45,7
MCSP,2017,94,61,19
MCSP,2018,82,52,4
MCSP,2019,75,45,4
MCSP,2020,105,60,10
MCSP,2021,87,55,8
MCSP,2022,89,49,11
MCSP,2023,76,39,12
MCSP,2024,83,57,11
MCSP,2025,56,25,0
NKSP,2016,122,94,7
NKSP,2017,112,88,3
NKSP,2018,106,81,0
NKSP,2019,104,68,0
NKSP,2020,114,83,1
NKSP,2021,114,94,9
NKSP,2022,119,85,5
NKSP,2023,97,60,2
NKSP,2024,130,94,9
NKSP,2025,114,76,0
PBSP,2016,0,0,8
PBSP,2017,0,0,15
PBSP,2018,0,0,5
PBSP,2019,0,0,7
PBSP,2020,1,0,12
PBSP,2021,0,0,3
PBSP,2022,0,0,1
PBSP,2023,0,0,7
PBSP,2024,0,0,17
PBSP,2025,0,0,5
PVSP,2016,122,93,6
PVSP,2017,113,90,9
PVSP,2018,99,72,0
PVSP,2019,103,68,0
PVSP,2020,125,93,1
PVSP,2021,124,95,8
PVSP,2022,122,93,7
PVSP,2023,100,66,5
PVSP,2024,125,85,10
PVSP,2025,111,72,0
RJD,2016,14,2,18
RJD,2017,15,5,18
RJD,2018,7,1,8
RJD,2019,5,0,7
RJD,2020,21,8,28
RJD,2021,5,0,9
RJD,2022,7,1,10
RJD,2023,1,0,2
RJD,2024,5,2,5
RJD,2025,2,0,3
SAC,2016,77,40,8
SAC,2017,89,55,21
SAC,2018,80,48,6
SAC,2019,71,41,4
SAC,2020,96,51,9
SAC,2021,75,39,7
SAC,2022,90,56,14
SAC,2023,68,37,11
SAC,2024,87,62,15
SAC,2025,67,32,3
SATF,2016,122,96,7
SATF,2017,115,96,13
SATF,2018,110,85,0
SATF,2019,110,77,1
SATF,2020,118,85,1
SATF,2021,123,91,10
SATF,2022,123,87,5
SATF,2023,98,63,7
SATF,2024,126,88,12
SATF,2025,111,77,0
SCC,2016,88,49,8
SCC,2017,94,61,17
SCC,2018,83,48,0
SCC,2019,77,40,1
SCC,2020,103,53,7
SCC,2021,99,70,11
SCC,2022,98,57,12
SCC,2023,69,30,8
SCC,2024,84,63,13
SCC,2025,70,30,0
SOL,2016,71,36,13
SOL,2017,80,40,23
SOL,2018,71,42,8
SOL,2019,68,42,10
SOL,2020,109,57,17
SOL,2021,92,57,21
SOL,2022,88,53,20
SOL,2023,65,33,13
SOL,2024,85,52,22
SOL,2025,54,24,4
SQ,2016,2,0,7
SQ,2017,3,2,12
SQ,2018,0,0,8
SQ,2019,9,5,26
SQ,2020,13,6,32
SQ,2021,4,0,16
SQ,2022,5,3,17
SQ,2023,7,2,10
SQ,2024,5,3,16
SQ,2025,1,0,7
SVSP,2016,8,1,12
SVSP,2017,25,4,35
SVSP,2018,7,1,17
SVSP,2019,16,7,28
SVSP,2020,24,10,31
SVSP,2021,9,3,17
SVSP,2022,17,9,26
SVSP,2023,8,3,10
SVSP,2024,11,4,15
SVSP,2025,3,0,10
VSP,2016,105,67,6
VSP,2017,102,80,11
VSP,2018,98,76,1
VSP,2019,100,63,4
VSP,2020,109,73,9
VSP,2021,108,78,7
VSP,2022,111,71,9
VSP,2023,86,48,7
VSP,2024,107,71,12
VSP,2025,92,52,0
WSP,2016,130,103,8
WSP,2017,114,93,6
WSP,2018,115,90,0
WSP,2019,108,77,0
WSP,2020,121,92,1
WSP,2021,122,95,7
WSP,2022,122,88,3
WSP,2023,108,75,6
WSP,2024,131,91,7
WSP,2025,124,78,0
