cdcr_code,year,month,stage1_days,stage3_days
ASP,2016,1,0,0
ASP,2016,2,0,0
ASP,2016,3,0,0
ASP,2016,4,3,0
ASP,2016,5,9,2
ASP,2016,6,22,17
ASP,2016,7,30,24
ASP,2016,8,31,26
ASP,2016,9,21,14
ASP,2016,10,1,0
ASP,2016,11,0,0
ASP,2016,12,0,0
ASP,2017,1,0,0
ASP,2017,2,0,0
ASP,2017,3,0,0
ASP,2017,4,0,0
ASP,2017,5,10,6
ASP,2017,6,23,15
ASP,2017,7,31,30
ASP,2017,8,30,27
ASP,2017,9,16,9
ASP,2017,10,0,0
ASP,2017,11,0,0
ASP,2017,12,0,0
ASP,2018,1,0,0
ASP,2018,2,0,0
ASP,2018,3,0,0
ASP,2018,4,2,0
ASP,2018,5,2,1
ASP,2018,6,19,13
ASP,2018,7,31,30
ASP,2018,8,27,21
ASP,2018,9,19,12
ASP,2018,10,0,0
ASP,2018,11,0,0
ASP,2018,12,0,0
ASP,2019,1,0,0
ASP,2019,2,0,0
ASP,2019,3,0,0
ASP,2019,4,4,0
ASP,2019,5,0,0
ASP,2019,6,22,11
ASP,2019,7,30,22
ASP,2019,8,29,21
ASP,2019,9,15,12
ASP,2019,10,1,0
ASP,2019,11,0,0
ASP,2019,12,0,0
ASP,2020,1,0,0
ASP,2020,2,0,0
ASP,2020,3,0,0
ASP,2020,4,1,0
ASP,2020,5,8,5
ASP,2020,6,17,12
ASP,2020,7,31,25
ASP,2020,8,30,27
ASP,2020,9,16,7
ASP,2020,10,7,0
ASP,2020,11,0,0
ASP,2020,12,0,0
ASP,2021,1,0,0
ASP,2021,2,0,0
ASP,2021,3,0,0
ASP,2021,4,1,0
ASP,2021,5,7,3
ASP,2021,6,22,16
ASP,2021,7,31,31
ASP,2021,8,29,24
ASP,2021,9,22,12
ASP,2021,10,2,0
ASP,2021,11,0,0
ASP,2021,12,0,0
ASP,2022,1,0,0
ASP,2022,2,0,0
ASP,2022,3,0,0
ASP,2022,4,2,0
ASP,2022,5,7,2
ASP,2022,6,21,13
ASP,2022,7,28,25
ASP,2022,8,31,28
ASP,2022,9,19,15
ASP,2022,10,10,0
ASP,2022,11,0,0
ASP,2022,12,0,0
ASP,2023,1,0,0
ASP,2023,2,0,0
ASP,2023,3,0,0
ASP,2023,4,3,0
ASP,2023,5,10,4
ASP,2023,6,9,2
ASP,2023,7,29,26
ASP,2023,8,27,22
ASP,2023,9,13,2
ASP,2023,10,5,1
ASP,2023,11,0,0
ASP,2023,12,0,0
ASP,2024,1,0,0
ASP,2024,2,0,0
ASP,2024,3,0,0
ASP,2024,4,0,0
ASP,2024,5,9,0
ASP,2024,6,25,15
ASP,2024,7,31,29
ASP,2024,8,28,22
ASP,2024,9,21,12
ASP,2024,10,9,8
ASP,2024,11,0,0
ASP,2024,12,0,0
ASP,2025,1,0,0
ASP,2025,2,0,0
ASP,2025,3,0,0
ASP,2025,4,0,0
ASP,2025,5,8,3
ASP,2025,6,24,13
ASP,2025,7,30,20
ASP,2025,8,31,25
ASP,2025,9,16,8
ASP,2025,10,1,0
ASP,2025,11,0,0
ASP,2025,12,0,0
CAC,2016,1,0,0
CAC,2016,2,0,0
CAC,2016,3,0,0
CAC,2016,4,0,0
CAC,2016,5,6,3
CAC,2016,6,27,22
CAC,2016,7,31,30
CAC,2016,8,31,29
CAC,2016,9,18,8
CAC,2016,10,0,0
CAC,2016,11,0,0
CAC,2016,12,0,0
CAC,2017,1,0,0
CAC,2017,2,0,0
CAC,2017,3,0,0
CAC,2017,4,1,0
CAC,2017,5,11,4
CAC,2017,6,23,22
CAC,2017,7,31,30
CAC,2017,8,30,27
CAC,2017,9,11,8
CAC,2017,10,2,0
CAC,2017,11,0,0
CAC,2017,12,0,0
CAC,2018,1,0,0
CAC,2018,2,0,0
CAC,2018,3,0,0
CAC,2018,4,2,0
CAC,2018,5,5,3
CAC,2018,6,25,20
CAC,2018,7,31,31
CAC,2018,8,31,29
CAC,2018,9,27,13
CAC,2018,10,0,0
CAC,2018,11,0,0
CAC,2018,12,0,0
CAC,2019,1,0,0
CAC,2019,2,0,0
CAC,2019,3,0,0
CAC,2019,4,5,0
CAC,2019,5,0,0
CAC,2019,6,25,13
CAC,2019,7,31,24
CAC,2019,8,31,28
CAC,2019,9,13,9
CAC,2019,10,1,0
CAC,2019,11,0,0
CAC,2019,12,0,0
CAC,2020,1,0,0
CAC,2020,2,0,0
CAC,2020,3,0,0
CAC,2020,4,3,0
CAC,2020,5,11,6
CAC,2020,6,20,14
CAC,2020,7,31,28
CAC,2020,8,30,28
CAC,2020,9,27,9
CAC,2020,10,12,4
CAC,2020,11,0,0
CAC,2020,12,0,0
CAC,2021,1,0,0
CAC,2021,2,0,0
CAC,2021,3,0,0
CAC,2021,4,1,0
CAC,2021,5,8,2
CAC,2021,6,26,22
CAC,2021,7,30,30
CAC,2021,8,29,24
CAC,2021,9,21,11
CAC,2021,10,1,0
CAC,2021,11,0,0
CAC,2021,12,0,0
CAC,2022,1,0,0
CAC,2022,2,0,0
CAC,2022,3,0,0
CAC,2022,4,0,0
CAC,2022,5,8,3
CAC,2022,6,21,16
CAC,2022,7,29,26
CAC,2022,8,31,29
CAC,2022,9,18,13
CAC,2022,10,8,0
CAC,2022,11,0,0
CAC,2022,12,0,0
CAC,2023,1,0,0
CAC,2023,2,0,0
CAC,2023,3,0,0
CAC,2023,4,2,0
CAC,2023,5,11,4
CAC,2023,6,9,3
CAC,2023,7,31,29
CAC,2023,8,27,19
CAC,2023,9,12,1
CAC,2023,10,5,0
CAC,2023,11,0,0
CAC,2023,12,0,0
CAC,2024,1,0,0
CAC,2024,2,0,0
CAC,2024,3,0,0
CAC,2024,4,1,0
CAC,2024,5,11,3
CAC,2024,6,29,22
CAC,2024,7,31,31
CAC,2024,8,28,26
CAC,2024,9,22,14
CAC,2024,10,12,7
CAC,2024,11,0,0
CAC,2024,12,0,0
CAC,2025,1,0,0
CAC,2025,2,0,0
CAC,2025,3,0,0
CAC,2025,4,0,0
CAC,2025,5,12,5
CAC,2025,6,25,19
CAC,2025,7,29,22
CAC,2025,8,31,26
CAC,2025,9,15,7
CAC,2025,10,0,0
CAC,2025,11,0,0
CAC,2025,12,0,0
CAL,2016,1,0,0
CAL,2016,2,2,0
CAL,2016,3,10,0
CAL,2016,4,11,4
CAL,2016,5,19,11
CAL,2016,6,30,29
CAL,2016,7,31,31
CAL,2016,8,31,31
CAL,2016,9,27,23
CAL,2016,10,23,9
CAL,2016,11,3,0
CAL,2016,12,0,0
CAL,2017,1,0,0
CAL,2017,2,0,0
CAL,2017,3,14,7
CAL,2017,4,15,4
CAL,2017,5,22,17
CAL,2017,6,30,27
CAL,2017,7,31,31
CAL,2017,8,31,31
CAL,2017,9,26,20
CAL,2017,10,24,15
CAL,2017,11,2,0
CAL,2017,12,0,0
CAL,2018,1,0,0
CAL,2018,2,0,0
CAL,2018,3,3,1
CAL,2018,4,18,10
CAL,2018,5,24,16
CAL,2018,6,30,28
CAL,2018,7,31,31
CAL,2018,8,31,31
CAL,2018,9,30,30
CAL,2018,10,11,1
CAL,2018,11,1,0
CAL,2018,12,0,0
CAL,2019,1,0,0
CAL,2019,2,0,0
CAL,2019,3,0,0
CAL,2019,4,13,8
CAL,2019,5,13,7
CAL,2019,6,30,28
CAL,2019,7,31,31
CAL,2019,8,31,31
CAL,2019,9,27,23
CAL,2019,10,18,10
CAL,2019,11,2,0
CAL,2019,12,0,0
CAL,2020,1,0,0
CAL,2020,2,0,0
CAL,2020,3,0,0
CAL,2020,4,9,9
CAL,2020,5,28,22
CAL,2020,6,28,26
CAL,2020,7,31,31
CAL,2020,8,31,31
CAL,2020,9,30,28
CAL,2020,10,23,19
CAL,2020,11,5,0
CAL,2020,12,0,0
CAL,2021,1,0,0
CAL,2021,2,0,0
CAL,2021,3,1,0
CAL,2021,4,17,7
CAL,2021,5,27,20
CAL,2021,6,30,28
CAL,2021,7,31,31
CAL,2021,8,31,31
CAL,2021,9,29,27
CAL,2021,10,14,4
CAL,2021,11,7,0
CAL,2021,12,0,0
CAL,2022,1,0,0
CAL,2022,2,0,0
CAL,2022,3,3,0
CAL,2022,4,15,4
CAL,2022,5,26,20
CAL,2022,6,30,30
CAL,2022,7,31,31
CAL,2022,8,31,31
CAL,2022,9,28,26
CAL,2022,10,18,13
CAL,2022,11,0,0
CAL,2022,12,0,0
CAL,2023,1,0,0
CAL,2023,2,0,0
CAL,2023,3,0,0
CAL,2023,4,13,7
CAL,2023,5,21,15
CAL,2023,6,27,18
CAL,2023,7,31,31
CAL,2023,8,29,28
CAL,2023,9,28,26
CAL,2023,10,16,13
CAL,2023,11,2,0
CAL,2023,12,0,0
CAL,2024,1,0,0
CAL,2024,2,2,0
CAL,2024,3,0,0
CAL,2024,4,14,4
CAL,2024,5,28,19
CAL,2024,6,30,30
CAL,2024,7,31,31
CAL,2024,8,31,31
CAL,2024,9,28,25
CAL,2024,10,22,18
CAL,2024,11,0,0
CAL,2024,12,0,0
CAL,2025,1,0,0
CAL,2025,2,4,0
CAL,2025,3,4,2
CAL,2025,4,8,4
CAL,2025,5,23,15
CAL,2025,6,30,28
CAL,2025,7,31,31
CAL,2025,8,31,30
CAL,2025,9,26,19
CAL,2025,10,17,3
CAL,2025,11,5,0
CAL,2025,12,0,0
CCI,2016,1,0,0
CCI,2016,2,0,0
CCI,2016,3,0,0
CCI,2016,4,0,0
CCI,2016,5,0,0
CCI,2016,6,8,0
CCI,2016,7,11,2
CCI,2016,8,6,0
CCI,2016,9,0,0
CCI,2016,10,0,0
CCI,2016,11,0,0
CCI,2016,12,0,0
CCI,2017,1,0,0
CCI,2017,2,0,0
CCI,2017,3,0,0
CCI,2017,4,0,0
CCI,2017,5,0,0
CCI,2017,6,8,4
CCI,2017,7,9,0
CCI,2017,8,8,3
CCI,2017,9,3,1
CCI,2017,10,0,0
CCI,2017,11,0,0
CCI,2017,12,0,0
CCI,2018,1,0,0
CCI,2018,2,0,0
CCI,2018,3,0,0
CCI,2018,4,0,0
CCI,2018,5,0,0
CCI,2018,6,4,0
CCI,2018,7,16,0
CCI,2018,8,5,0
CCI,2018,9,0,0
CCI,2018,10,0,0
CCI,2018,11,0,0
CCI,2018,12,0,0
CCI,2019,1,0,0
CCI,2019,2,0,0
CCI,2019,3,0,0
CCI,2019,4,0,0
CCI,2019,5,0,0
CCI,2019,6,0,0
CCI,2019,7,5,0
CCI,2019,8,11,0
CCI,2019,9,3,0
CCI,2019,10,0,0
CCI,2019,11,0,0
CCI,2019,12,0,0
CCI,2020,1,0,0
CCI,2020,2,0,0
CCI,2020,3,0,0
CCI,2020,4,0,0
CCI,2020,5,1,0
CCI,2020,6,4,0
CCI,2020,7,8,0
CCI,2020,8,6,0
CCI,2020,9,4,2
CCI,2020,10,0,0
CCI,2020,11,0,0
CCI,2020,12,0,0
CCI,2021,1,0,0
CCI,2021,2,0,0
CCI,2021,3,0,0
CCI,2021,4,0,0
CCI,2021,5,0,0
CCI,2021,6,9,3
CCI,2021,7,8,1
CCI,2021,8,5,0
CCI,2021,9,4,1
CCI,2021,10,0,0
CCI,2021,11,0,0
CCI,2021,12,0,0
CCI,2022,1,0,0
CCI,2022,2,0,0
CCI,2022,3,0,0
CCI,2022,4,0,0
CCI,2022,5,0,0
CCI,2022,6,0,0
CCI,2022,7,8,0
CCI,2022,8,5,0
CCI,2022,9,6,3
CCI,2022,10,0,0
CCI,2022,11,0,0
CCI,2022,12,0,0
CCI,2023,1,0,0
CCI,2023,2,0,0
CCI,2023,3,0,0
CCI,2023,4,0,0
CCI,2023,5,0,0
CCI,2023,6,0,0
CCI,2023,7,6,2
CCI,2023,8,1,0
CCI,2023,9,0,0
CCI,2023,10,0,0
CCI,2023,11,0,0
CCI,2023,12,0,0
CCI,2024,1,0,0
CCI,2024,2,0,0
CCI,2024,3,0,0
CCI,2024,4,0,0
CCI,2024,5,0,0
CCI,2024,6,2,0
CCI,2024,7,16,4
CCI,2024,8,5,0
CCI,2024,9,1,0
CCI,2024,10,3,0
CCI,2024,11,0,0
CCI,2024,12,0,0
CCI,2025,1,0,0
CCI,2025,2,0,0
CCI,2025,3,0,0
CCI,2025,4,0,0
CCI,2025,5,1,0
CCI,2025,6,0,0
CCI,2025,7,0,0
CCI,2025,8,2,0
CCI,2025,9,1,0
CCI,2025,10,0,0
CCI,2025,11,0,0
CCI,2025,12,0,0
CCWF,2016,1,0,0
CCWF,2016,2,0,0
CCWF,2016,3,0,0
CCWF,2016,4,0,0
CCWF,2016,5,7,2
CCWF,2016,6,22,17
CCWF,2016,7,29,21
CCWF,2016,8,29,20
CCWF,2016,9,17,7
CCWF,2016,10,1,0
CCWF,2016,11,0,0
CCWF,2016,12,0,0
CCWF,2017,1,0,0
CCWF,2017,2,0,0
CCWF,2017,3,0,0
CCWF,2017,4,0,0
CCWF,2017,5,6,4
CCWF,2017,6,23,15
CCWF,2017,7,31,30
CCWF,2017,8,28,24
CCWF,2017,9,14,7
CCWF,2017,10,0,0
CCWF,2017,11,0,0
CCWF,2017,12,0,0
CCWF,2018,1,0,0
CCWF,2018,2,0,0
CCWF,2018,3,0,0
CCWF,2018,4,0,0
CCWF,2018,5,2,1
CCWF,2018,6,19,13
CCWF,2018,7,31,28
CCWF,2018,8,26,19
CCWF,2018,9,20,15
CCWF,2018,10,0,0
CCWF,2018,11,0,0
CCWF,2018,12,0,0
CCWF,2019,1,0,0
CCWF,2019,2,0,0
CCWF,2019,3,0,0
CCWF,2019,4,5,1
CCWF,2019,5,0,0
CCWF,2019,6,23,13
CCWF,2019,7,28,19
CCWF,2019,8,29,21
CCWF,2019,9,14,9
CCWF,2019,10,1,0
CCWF,2019,11,0,0
CCWF,2019,12,0,0
CCWF,2020,1,0,0
CCWF,2020,2,0,0
CCWF,2020,3,0,0
CCWF,2020,4,1,0
CCWF,2020,5,7,5
CCWF,2020,6,17,14
CCWF,2020,7,31,25
CCWF,2020,8,30,22
CCWF,2020,9,17,5
CCWF,2020,10,6,2
CCWF,2020,11,0,0
CCWF,2020,12,0,0
CCWF,2021,1,0,0
CCWF,2021,2,0,0
CCWF,2021,3,0,0
CCWF,2021,4,1,0
CCWF,2021,5,8,2
CCWF,2021,6,21,14
CCWF,2021,7,31,28
CCWF,2021,8,26,22
CCWF,2021,9,19,12
CCWF,2021,10,2,0
CCWF,2021,11,0,0
CCWF,2021,12,0,0
CCWF,2022,1,0,0
CCWF,2022,2,0,0
CCWF,2022,3,0,0
CCWF,2022,4,2,0
CCWF,2022,5,7,2
CCWF,2022,6,21,12
CCWF,2022,7,25,22
CCWF,2022,8,30,23
CCWF,2022,9,18,12
CCWF,2022,10,8,0
CCWF,2022,11,0,0
CCWF,2022,12,0,0
CCWF,2023,1,0,0
CCWF,2023,2,0,0
CCWF,2023,3,0,0
CCWF,2023,4,3,0
CCWF,2023,5,7,0
CCWF,2023,6,5,1
CCWF,2023,7,27,25
CCWF,2023,8,28,19
CCWF,2023,9,11,1
CCWF,2023,10,5,2
CCWF,2023,11,0,0
CCWF,2023,12,0,0
CCWF,2024,1,0,0
CCWF,2024,2,0,0
CCWF,2024,3,0,0
CCWF,2024,4,0,0
CCWF,2024,5,4,0
CCWF,2024,6,19,12
CCWF,2024,7,30,25
CCWF,2024,8,26,17
CCWF,2024,9,19,9
CCWF,2024,10,9,8
CCWF,2024,11,0,0
CCWF,2024,12,0,0
CCWF,2025,1,0,0
CCWF,2025,2,0,0
CCWF,2025,3,0,0
CCWF,2025,4,0,0
CCWF,2025,5,5,4
CCWF,2025,6,24,9
CCWF,2025,7,22,11
CCWF,2025,8,27,21
CCWF,2025,9,13,7
CCWF,2025,10,1,0
CCWF,2025,11,0,0
CCWF,2025,12,0,0
CEN,2016,1,0,0
CEN,2016,2,1,0
CEN,2016,3,8,0
CEN,2016,4,10,4
CEN,2016,5,18,8
CEN,2016,6,30,30
CEN,2016,7,31,31
CEN,2016,8,31,31
CEN,2016,9,27,23
CEN,2016,10,24,11
CEN,2016,11,3,0
CEN,2016,12,0,0
CEN,2017,1,0,0
CEN,2017,2,0,0
CEN,2017,3,12,4
CEN,2017,4,15,2
CEN,2017,5,20,16
CEN,2017,6,30,27
CEN,2017,7,31,31
CEN,2017,8,31,31
CEN,2017,9,24,20
CEN,2017,10,25,14
CEN,2017,11,2,0
CEN,2017,12,0,0
CEN,2018,1,0,0
CEN,2018,2,0,0
CEN,2018,3,3,0
CEN,2018,4,18,10
CEN,2018,5,24,13
CEN,2018,6,30,29
CEN,2018,7,31,31
CEN,2018,8,31,31
CEN,2018,9,30,30
CEN,2018,10,11,1
CEN,2018,11,1,0
CEN,2018,12,0,0
CEN,2019,1,0,0
CEN,2019,2,0,0
CEN,2019,3,0,0
CEN,2019,4,12,8
CEN,2019,5,13,5
CEN,2019,6,30,28
CEN,2019,7,31,31
CEN,2019,8,31,31
CEN,2019,9,26,22
CEN,2019,10,13,6
CEN,2019,11,2,0
CEN,2019,12,0,0
CEN,2020,1,0,0
CEN,2020,2,0,0
CEN,2020,3,0,0
CEN,2020,4,9,9
CEN,2020,5,27,22
CEN,2020,6,28,27
CEN,2020,7,31,31
CEN,2020,8,31,31
CEN,2020,9,30,28
CEN,2020,10,23,19
CEN,2020,11,5,1
CEN,2020,12,0,0
CEN,2021,1,0,0
CEN,2021,2,0,0
CEN,2021,3,1,0
CEN,2021,4,16,8
CEN,2021,5,26,21
CEN,2021,6,30,29
CEN,2021,7,31,31
CEN,2021,8,31,31
CEN,2021,9,29,27
CEN,2021,10,15,4
CEN,2021,11,9,0
CEN,2021,12,0,0
CEN,2022,1,0,0
CEN,2022,2,0,0
CEN,2022,3,4,1
CEN,2022,4,14,5
CEN,2022,5,26,18
CEN,2022,6,30,30
CEN,2022,7,31,31
CEN,2022,8,31,31
CEN,2022,9,28,27
CEN,2022,10,19,14
CEN,2022,11,0,0
CEN,2022,12,0,0
CEN,2023,1,0,0
CEN,2023,2,0,0
CEN,2023,3,0,0
CEN,2023,4,15,8
CEN,2023,5,21,17
CEN,2023,6,29,22
CEN,2023,7,31,31
CEN,2023,8,29,28
CEN,2023,9,29,26
CEN,2023,10,18,15
CEN,2023,11,2,0
CEN,2023,12,0,0
CEN,2024,1,0,0
CEN,2024,2,2,0
CEN,2024,3,0,0
CEN,2024,4,14,7
CEN,2024,5,28,20
CEN,2024,6,30,30
CEN,2024,7,31,31
CEN,2024,8,31,31
CEN,2024,9,28,25
CEN,2024,10,22,21
CEN,2024,11,0,0
CEN,2024,12,0,0
CEN,2025,1,0,0
CEN,2025,2,4,2
CEN,2025,3,5,3
CEN,2025,4,13,4
CEN,2025,5,23,16
CEN,2025,6,30,29
CEN,2025,7,31,31
CEN,2025,8,31,30
CEN,2025,9,28,22
CEN,2025,10,20,3
CEN,2025,11,9,0
CEN,2025,12,0,0
CHCF,2016,1,0,0
CHCF,2016,2,0,0
CHCF,2016,3,0,0
CHCF,2016,4,1,0
CHCF,2016,5,6,2
CHCF,2016,6,20,16
CHCF,2016,7,24,14
CHCF,2016,8,26,10
CHCF,2016,9,13,6
CHCF,2016,10,1,0
CHCF,2016,11,0,0
CHCF,2016,12,0,0
CHCF,2017,1,0,0
CHCF,2017,2,0,0
CHCF,2017,3,0,0
CHCF,2017,4,0,0
CHCF,2017,5,9,4
CHCF,2017,6,21,9
CHCF,2017,7,30,26
CHCF,2017,8,28,15
CHCF,2017,9,13,6
CHCF,2017,10,0,0
CHCF,2017,11,0,0
CHCF,2017,12,0,0
CHCF,2018,1,0,0
CHCF,2018,2,0,0
CHCF,2018,3,0,0
CHCF,2018,4,0,0
CHCF,2018,5,2,2
CHCF,2018,6,21,11
CHCF,2018,7,29,26
CHCF,2018,8,18,13
CHCF,2018,9,16,3
CHCF,2018,10,0,0
CHCF,2018,11,0,0
CHCF,2018,12,0,0
CHCF,2019,1,0,0
CHCF,2019,2,0,0
CHCF,2019,3,0,0
CHCF,2019,4,3,0
CHCF,2019,5,0,0
CHCF,2019,6,19,11
CHCF,2019,7,24,19
CHCF,2019,8,25,19
CHCF,2019,9,15,6
CHCF,2019,10,2,0
CHCF,2019,11,0,0
CHCF,2019,12,0,0
CHCF,2020,1,0,0
CHCF,2020,2,0,0
CHCF,2020,3,0,0
CHCF,2020,4,3,0
CHCF,2020,5,9,5
CHCF,2020,6,19,15
CHCF,2020,7,30,19
CHCF,2020,8,29,20
CHCF,2020,9,18,8
CHCF,2020,10,12,2
CHCF,2020,11,0,0
CHCF,2020,12,0,0
CHCF,2021,1,0,0
CHCF,2021,2,0,0
CHCF,2021,3,0,0
CHCF,2021,4,0,0
CHCF,2021,5,5,1
CHCF,2021,6,16,9
CHCF,2021,7,29,17
CHCF,2021,8,22,14
CHCF,2021,9,14,9
CHCF,2021,10,2,0
CHCF,2021,11,0,0
CHCF,2021,12,0,0
CHCF,2022,1,0,0
CHCF,2022,2,0,0
CHCF,2022,3,0,0
CHCF,2022,4,1,0
CHCF,2022,5,5,2
CHCF,2022,6,17,11
CHCF,2022,7,23,15
CHCF,2022,8,26,14
CHCF,2022,9,16,10
CHCF,2022,10,6,0
CHCF,2022,11,0,0
CHCF,2022,12,0,0
CHCF,2023,1,0,0
CHCF,2023,2,0,0
CHCF,2023,3,0,0
CHCF,2023,4,2,0
CHCF,2023,5,4,0
CHCF,2023,6,5,1
CHCF,2023,7,25,22
CHCF,2023,8,26,14
CHCF,2023,9,9,0
CHCF,2023,10,4,1
CHCF,2023,11,0,0
CHCF,2023,12,0,0
CHCF,2024,1,0,0
CHCF,2024,2,0,0
CHCF,2024,3,0,0
CHCF,2024,4,0,0
CHCF,2024,5,5,0
CHCF,2024,6,20,13
CHCF,2024,7,27,23
CHCF,2024,8,24,12
CHCF,2024,9,16,9
CHCF,2024,10,8,8
CHCF,2024,11,0,0
CHCF,2024,12,0,0
CHCF,2025,1,0,0
CHCF,2025,2,0,0
CHCF,2025,3,0,0
CHCF,2025,4,0,0
CHCF,2025,5,5,2
CHCF,2025,6,16,5
CHCF,2025,7,18,9
CHCF,2025,8,26,16
CHCF,2025,9,9,5
CHCF,2025,10,1,0
CHCF,2025,11,0,0
CHCF,2025,12,0,0
CIM,2016,1,0,0
CIM,2016,2,3,0
CIM,2016,3,0,0
CIM,2016,4,6,1
CIM,2016,5,2,0
CIM,2016,6,16,11
CIM,2016,7,23,13
CIM,2016,8,25,10
CIM,2016,9,14,6
CIM,2016,10,10,5
CIM,2016,11,6,1
CIM,2016,12,0,0
CIM,2017,1,0,0
CIM,2017,2,0,0
CIM,2017,3,1,0
CIM,2017,4,2,1
CIM,2017,5,9,2
CIM,2017,6,17,10
CIM,2017,7,29,13
CIM,2017,8,20,14
CIM,2017,9,15,8
CIM,2017,10,16,10
CIM,2017,11,3,2
CIM,2017,12,0,0
CIM,2018,1,0,0
CIM,2018,2,0,0
CIM,2018,3,0,0
CIM,2018,4,2,1
CIM,2018,5,3,0
CIM,2018,6,8,1
CIM,2018,7,27,23
CIM,2018,8,25,10
CIM,2018,9,13,5
CIM,2018,10,3,0
CIM,2018,11,1,0
CIM,2018,12,0,0
CIM,2019,1,0,0
CIM,2019,2,0,0
CIM,2019,3,0,0
CIM,2019,4,0,0
CIM,2019,5,0,0
CIM,2019,6,5,3
CIM,2019,7,17,7
CIM,2019,8,20,11
CIM,2019,9,14,8
CIM,2019,10,10,2
CIM,2019,11,4,0
CIM,2019,12,0,0
CIM,2020,1,0,0
CIM,2020,2,0,0
CIM,2020,3,0,0
CIM,2020,4,5,2
CIM,2020,5,8,3
CIM,2020,6,8,4
CIM,2020,7,26,8
CIM,2020,8,25,19
CIM,2020,9,24,12
CIM,2020,10,13,11
CIM,2020,11,4,0
CIM,2020,12,0,0
CIM,2021,1,1,0
CIM,2021,2,0,0
CIM,2021,3,0,0
CIM,2021,4,2,2
CIM,2021,5,2,0
CIM,2021,6,14,5
CIM,2021,7,22,4
CIM,2021,8,21,13
CIM,2021,9,16,9
CIM,2021,10,8,4
CIM,2021,11,4,0
CIM,2021,12,0,0
CIM,2022,1,0,0
CIM,2022,2,0,0
CIM,2022,3,1,0
CIM,2022,4,3,3
CIM,2022,5,2,1
CIM,2022,6,17,10
CIM,2022,7,23,4
CIM,2022,8,25,14
CIM,2022,9,18,13
CIM,2022,10,3,0
CIM,2022,11,0,0
CIM,2022,12,0,0
CIM,2023,1,0,0
CIM,2023,2,0,0
CIM,2023,3,0,0
CIM,2023,4,0,0
CIM,2023,5,0,0
CIM,2023,6,1,0
CIM,2023,7,24,17
CIM,2023,8,21,11
CIM,2023,9,5,3
CIM,2023,10,10,5
CIM,2023,11,0,0
CIM,2023,12,0,0
CIM,2024,1,0,0
CIM,2024,2,0,0
CIM,2024,3,0,0
CIM,2024,4,0,0
CIM,2024,5,0,0
CIM,2024,6,9,4
CIM,2024,7,30,11
CIM,2024,8,23,11
CIM,2024,9,12,10
CIM,2024,10,14,8
CIM,2024,11,0,0
CIM,2024,12,0,0
CIM,2025,1,0,0
CIM,2025,2,1,0
CIM,2025,3,1,0
CIM,2025,4,0,0
CIM,2025,5,8,4
CIM,2025,6,9,5
CIM,2025,7,10,2
CIM,2025,8,25,12
CIM,2025,9,13,11
CIM,2025,10,5,2
CIM,2025,11,2,0
CIM,2025,12,0,0
CIW,2016,1,0,0
CIW,2016,2,3,0
CIW,2016,3,0,0
CIW,2016,4,6,1
CIW,2016,5,3,0
CIW,2016,6,16,13
CIW,2016,7,26,15
CIW,2016,8,26,12
CIW,2016,9,16,9
CIW,2016,10,10,5
CIW,2016,11,6,1
CIW,2016,12,0,0
CIW,2017,1,0,0
CIW,2017,2,0,0
CIW,2017,3,1,0
CIW,2017,4,3,2
CIW,2017,5,9,2
CIW,2017,6,17,10
CIW,2017,7,29,18
CIW,2017,8,21,16
CIW,2017,9,16,9
CIW,2017,10,16,11
CIW,2017,11,3,1
CIW,2017,12,0,0
CIW,2018,1,0,0
CIW,2018,2,0,0
CIW,2018,3,0,0
CIW,2018,4,3,2
CIW,2018,5,3,1
CIW,2018,6,13,1
CIW,2018,7,28,25
CIW,2018,8,27,13
CIW,2018,9,16,7
CIW,2018,10,4,0
CIW,2018,11,1,0
CIW,2018,12,0,0
CIW,2019,1,0,0
CIW,2019,2,0,0
CIW,2019,3,0,0
CIW,2019,4,0,0
CIW,2019,5,0,0
CIW,2019,6,6,3
CIW,2019,7,20,9
CIW,2019,8,27,15
CIW,2019,9,15,12
CIW,2019,10,10,4
CIW,2019,11,4,0
CIW,2019,12,0,0
CIW,2020,1,0,0
CIW,2020,2,0,0
CIW,2020,3,0,0
CIW,2020,4,5,1
CIW,2020,5,11,5
CIW,2020,6,11,4
CIW,2020,7,26,13
CIW,2020,8,25,19
CIW,2020,9,23,11
CIW,2020,10,13,11
CIW,2020,11,3,0
CIW,2020,12,0,0
CIW,2021,1,1,0
CIW,2021,2,0,0
CIW,2021,3,0,0
CIW,2021,4,2,2
CIW,2021,5,2,1
CIW,2021,6,14,4
CIW,2021,7,19,3
CIW,2021,8,21,14
CIW,2021,9,17,9
CIW,2021,10,8,5
CIW,2021,11,4,0
CIW,2021,12,0,0
CIW,2022,1,0,0
CIW,2022,2,0,0
CIW,2022,3,0,0
CIW,2022,4,3,3
CIW,2022,5,2,2
CIW,2022,6,17,10
CIW,2022,7,23,6
CIW,2022,8,25,15
CIW,2022,9,19,14
CIW,2022,10,3,1
CIW,2022,11,0,0
CIW,2022,12,0,0
CIW,2023,1,0,0
CIW,2023,2,0,0
CIW,2023,3,0,0
CIW,2023,4,1,0
CIW,2023,5,0,0
CIW,2023,6,1,0
CIW,2023,7,24,18
CIW,2023,8,22,11
CIW,2023,9,5,3
CIW,2023,10,10,7
CIW,2023,11,0,0
CIW,2023,12,0,0
CIW,2024,1,0,0
CIW,2024,2,0,0
CIW,2024,3,0,0
CIW,2024,4,0,0
CIW,2024,5,0,0
CIW,2024,6,11,4
CIW,2024,7,29,12
CIW,2024,8,23,12
CIW,2024,9,12,10
CIW,2024,10,14,8
CIW,2024,11,0,0
CIW,2024,12,0,0
CIW,2025,1,0,0
CIW,2025,2,1,0
CIW,2025,3,1,0
CIW,2025,4,0,0
CIW,2025,5,8,4
CIW,2025,6,9,4
CIW,2025,7,11,1
CIW,2025,8,25,12
CIW,2025,9,16,11
CIW,2025,10,4,2
CIW,2025,11,2,0
CIW,2025,12,0,0
CMC,2016,1,0,0
CMC,2016,2,0,0
CMC,2016,3,0,0
CMC,2016,4,1,0
CMC,2016,5,0,0
CMC,2016,6,7,0
CMC,2016,7,1,0
CMC,2016,8,0,0
CMC,2016,9,5,4
CMC,2016,10,0,0
CMC,2016,11,0,0
CMC,2016,12,0,0
CMC,2017,1,0,0
CMC,2017,2,0,0
CMC,2017,3,0,0
CMC,2017,4,0,0
CMC,2017,5,0,0
CMC,2017,6,2,0
CMC,2017,7,3,1
CMC,2017,8,1,0
CMC,2017,9,4,3
CMC,2017,10,8,3
CMC,2017,11,1,0
CMC,2017,12,0,0
CMC,2018,1,0,0
CMC,2018,2,0,0
CMC,2018,3,0,0
CMC,2018,4,0,0
CMC,2018,5,0,0
CMC,2018,6,0,0
CMC,2018,7,6,1
CMC,2018,8,4,0
CMC,2018,9,1,0
CMC,2018,10,0,0
CMC,2018,11,0,0
CMC,2018,12,0,0
CMC,2019,1,0,0
CMC,2019,2,0,0
CMC,2019,3,0,0
CMC,2019,4,0,0
CMC,2019,5,0,0
CMC,2019,6,0,0
CMC,2019,7,2,0
CMC,2019,8,0,0
CMC,2019,9,5,1
CMC,2019,10,3,1
CMC,2019,11,0,0
CMC,2019,12,0,0
CMC,2020,1,0,0
CMC,2020,2,0,0
CMC,2020,3,0,0
CMC,2020,4,0,0
CMC,2020,5,0,0
CMC,2020,6,3,0
CMC,2020,7,0,0
CMC,2020,8,6,4
CMC,2020,9,4,4
CMC,2020,10,9,6
CMC,2020,11,0,0
CMC,2020,12,0,0
CMC,2021,1,0,0
CMC,2021,2,0,0
CMC,2021,3,0,0
CMC,2021,4,0,0
CMC,2021,5,0,0
CMC,2021,6,2,1
CMC,2021,7,0,0
CMC,2021,8,0,0
CMC,2021,9,1,0
CMC,2021,10,1,0
CMC,2021,11,0,0
CMC,2021,12,0,0
CMC,2022,1,0,0
CMC,2022,2,0,0
CMC,2022,3,0,0
CMC,2022,4,2,0
CMC,2022,5,0,0
CMC,2022,6,3,0
CMC,2022,7,0,0
CMC,2022,8,0,0
CMC,2022,9,9,5
CMC,2022,10,2,0
CMC,2022,11,0,0
CMC,2022,12,0,0
CMC,2023,1,0,0
CMC,2023,2,0,0
CMC,2023,3,0,0
CMC,2023,4,0,0
CMC,2023,5,0,0
CMC,2023,6,0,0
CMC,2023,7,1,0
CMC,2023,8,3,1
CMC,2023,9,0,0
CMC,2023,10,3,1
CMC,2023,11,0,0
CMC,2023,12,0,0
CMC,2024,1,0,0
CMC,2024,2,0,0
CMC,2024,3,0,0
CMC,2024,4,0,0
CMC,2024,5,0,0
CMC,2024,6,0,0
CMC,2024,7,0,0
CMC,2024,8,0,0
CMC,2024,9,3,3
CMC,2024,10,5,2
CMC,2024,11,0,0
CMC,2024,12,0,0
CMC,2025,1,0,0
CMC,2025,2,0,0
CMC,2025,3,0,0
CMC,2025,4,0,0
CMC,2025,5,0,0
CMC,2025,6,0,0
CMC,2025,7,0,0
CMC,2025,8,1,1
CMC,2025,9,0,0
CMC,2025,10,0,0
CMC,2025,11,0,0
CMC,2025,12,0,0
CMF,2016,1,0,0
CMF,2016,2,0,0
CMF,2016,3,0,0
CMF,2016,4,0,0
CMF,2016,5,5,2
CMF,2016,6,18,10
CMF,2016,7,18,12
CMF,2016,8,18,6
CMF,2016,9,12,6
CMF,2016,10,0,0
CMF,2016,11,0,0
CMF,2016,12,0,0
CMF,2017,1,0,0
CMF,2017,2,0,0
CMF,2017,3,0,0
CMF,2017,4,0,0
CMF,2017,5,8,2
CMF,2017,6,14,8
CMF,2017,7,25,15
CMF,2017,8,20,10
CMF,2017,9,13,5
CMF,2017,10,0,0
CMF,2017,11,0,0
CMF,2017,12,0,0
CMF,2018,1,0,0
CMF,2018,2,0,0
CMF,2018,3,0,0
CMF,2018,4,0,0
CMF,2018,5,2,2
CMF,2018,6,12,8
CMF,2018,7,28,20
CMF,2018,8,16,10
CMF,2018,9,13,2
CMF,2018,10,0,0
CMF,2018,11,0,0
CMF,2018,12,0,0
CMF,2019,1,0,0
CMF,2019,2,0,0
CMF,2019,3,0,0
CMF,2019,4,2,0
CMF,2019,5,0,0
CMF,2019,6,13,8
CMF,2019,7,20,9
CMF,2019,8,21,18
CMF,2019,9,11,7
CMF,2019,10,1,0
CMF,2019,11,0,0
CMF,2019,12,0,0
CMF,2020,1,0,0
CMF,2020,2,0,0
CMF,2020,3,0,0
CMF,2020,4,2,0
CMF,2020,5,7,5
CMF,2020,6,18,12
CMF,2020,7,26,14
CMF,2020,8,26,14
CMF,2020,9,16,9
CMF,2020,10,14,3
CMF,2020,11,0,0
CMF,2020,12,0,0
CMF,2021,1,0,0
CMF,2021,2,0,0
CMF,2021,3,0,0
CMF,2021,4,1,0
CMF,2021,5,8,2
CMF,2021,6,17,10
CMF,2021,7,26,16
CMF,2021,8,20,17
CMF,2021,9,16,12
CMF,2021,10,4,0
CMF,2021,11,0,0
CMF,2021,12,0,0
CMF,2022,1,0,0
CMF,2022,2,0,0
CMF,2022,3,0,0
CMF,2022,4,0,0
CMF,2022,5,6,3
CMF,2022,6,17,11
CMF,2022,7,21,14
CMF,2022,8,22,14
CMF,2022,9,15,9
CMF,2022,10,7,2
CMF,2022,11,0,0
CMF,2022,12,0,0
CMF,2023,1,0,0
CMF,2023,2,0,0
CMF,2023,3,0,0
CMF,2023,4,1,0
CMF,2023,5,4,1
CMF,2023,6,3,2
CMF,2023,7,24,16
CMF,2023,8,20,13
CMF,2023,9,7,0
CMF,2023,10,6,1
CMF,2023,11,0,0
CMF,2023,12,0,0
CMF,2024,1,0,0
CMF,2024,2,0,0
CMF,2024,3,0,0
CMF,2024,4,0,0
CMF,2024,5,4,0
CMF,2024,6,15,8
CMF,2024,7,25,20
CMF,2024,8,20,9
CMF,2024,9,13,7
CMF,2024,10,8,8
CMF,2024,11,0,0
CMF,2024,12,0,0
CMF,2025,1,0,0
CMF,2025,2,0,0
CMF,2025,3,0,0
CMF,2025,4,0,0
CMF,2025,5,5,2
CMF,2025,6,7,2
CMF,2025,7,11,4
CMF,2025,8,22,12
CMF,2025,9,8,4
CMF,2025,10,1,0
CMF,2025,11,0,0
CMF,2025,12,0,0
COR,2016,1,0,0
COR,2016,2,0,0
COR,2016,3,0,0
COR,2016,4,3,0
COR,2016,5,12,5
COR,2016,6,23,20
COR,2016,7,30,28
COR,2016,8,31,27
COR,2016,9,22,16
COR,2016,10,1,0
COR,2016,11,0,0
COR,2016,12,0,0
COR,2017,1,0,0
COR,2017,2,0,0
COR,2017,3,0,0
COR,2017,4,0,0
COR,2017,5,12,7
COR,2017,6,24,21
COR,2017,7,31,31
COR,2017,8,30,27
COR,2017,9,18,10
COR,2017,10,0,0
COR,2017,11,0,0
COR,2017,12,0,0
COR,2018,1,0,0
COR,2018,2,0,0
COR,2018,3,0,0
COR,2018,4,4,0
COR,2018,5,5,1
COR,2018,6,22,18
COR,2018,7,31,30
COR,2018,8,27,21
COR,2018,9,21,15
COR,2018,10,0,0
COR,2018,11,0,0
COR,2018,12,0,0
COR,2019,1,0,0
COR,2019,2,0,0
COR,2019,3,0,0
COR,2019,4,3,0
COR,2019,5,4,0
COR,2019,6,27,19
COR,2019,7,31,25
COR,2019,8,30,21
COR,2019,9,15,12
COR,2019,10,0,0
COR,2019,11,0,0
COR,2019,12,0,0
COR,2020,1,0,0
COR,2020,2,0,0
COR,2020,3,0,0
COR,2020,4,2,0
COR,2020,5,9,6
COR,2020,6,19,13
COR,2020,7,31,29
COR,2020,8,30,27
COR,2020,9,20,8
COR,2020,10,7,2
COR,2020,11,0,0
COR,2020,12,0,0
COR,2021,1,0,0
COR,2021,2,0,0
COR,2021,3,0,0
COR,2021,4,2,0
COR,2021,5,13,4
COR,2021,6,25,20
COR,2021,7,31,31
COR,2021,8,29,23
COR,2021,9,21,13
COR,2021,10,2,0
COR,2021,11,0,0
COR,2021,12,0,0
COR,2022,1,0,0
COR,2022,2,0,0
COR,2022,3,0,0
COR,2022,4,2,0
COR,2022,5,9,3
COR,2022,6,22,14
COR,2022,7,28,25
COR,2022,8,31,28
COR,2022,9,19,14
COR,2022,10,12,3
COR,2022,11,0,0
COR,2022,12,0,0
COR,2023,1,0,0
COR,2023,2,0,0
COR,2023,3,0,0
COR,2023,4,3,0
COR,2023,5,10,6
COR,2023,6,11,4
COR,2023,7,30,26
COR,2023,8,27,21
COR,2023,9,12,4
COR,2023,10,5,2
COR,2023,11,0,0
COR,2023,12,0,0
COR,2024,1,0,0
COR,2024,2,0,0
COR,2024,3,0,0
COR,2024,4,0,0
COR,2024,5,11,1
COR,2024,6,27,18
COR,2024,7,31,30
COR,2024,8,28,21
COR,2024,9,20,11
COR,2024,10,9,7
COR,2024,11,0,0
COR,2024,12,0,0
COR,2025,1,0,0
COR,2025,2,0,0
COR,2025,3,0,0
COR,2025,4,0,0
COR,2025,5,9,4
COR,2025,6,26,17
COR,2025,7,28,21
COR,2025,8,31,27
COR,2025,9,16,8
COR,2025,10,1,0
COR,2025,11,0,0
COR,2025,12,0,0
CRC,2016,1,0,0
CRC,2016,2,0,0
CRC,2016,3,0,0
CRC,2016,4,6,1
CRC,2016,5,2,0
CRC,2016,6,16,11
CRC,2016,7,23,13
CRC,2016,8,24,9
CRC,2016,9,14,7
CRC,2016,10,9,3
CRC,2016,11,3,0
CRC,2016,12,0,0
CRC,2017,1,0,0
CRC,2017,2,0,0
CRC,2017,3,1,0
CRC,2017,4,2,1
CRC,2017,5,9,2
CRC,2017,6,17,10
CRC,2017,7,29,11
CRC,2017,8,20,14
CRC,2017,9,14,7
CRC,2017,10,12,8
CRC,2017,11,3,0
CRC,2017,12,0,0
CRC,2018,1,0,0
CRC,2018,2,0,0
CRC,2018,3,0,0
CRC,2018,4,2,1
CRC,2018,5,3,1
CRC,2018,6,12,1
CRC,2018,7,28,23
CRC,2018,8,26,10
CRC,2018,9,14,6
CRC,2018,10,3,0
CRC,2018,11,0,0
CRC,2018,12,0,0
CRC,2019,1,0,0
CRC,2019,2,0,0
CRC,2019,3,0,0
CRC,2019,4,0,0
CRC,2019,5,0,0
CRC,2019,6,6,3
CRC,2019,7,20,9
CRC,2019,8,25,15
CRC,2019,9,15,11
CRC,2019,10,10,2
CRC,2019,11,4,0
CRC,2019,12,0,0
CRC,2020,1,0,0
CRC,2020,2,0,0
CRC,2020,3,0,0
CRC,2020,4,5,1
CRC,2020,5,8,4
CRC,2020,6,8,4
CRC,2020,7,22,7
CRC,2020,8,24,15
CRC,2020,9,21,10
CRC,2020,10,13,10
CRC,2020,11,3,0
CRC,2020,12,0,0
CRC,2021,1,0,0
CRC,2021,2,0,0
CRC,2021,3,0,0
CRC,2021,4,2,0
CRC,2021,5,2,0
CRC,2021,6,10,3
CRC,2021,7,24,4
CRC,2021,8,20,12
CRC,2021,9,14,8
CRC,2021,10,7,3
CRC,2021,11,3,0
CRC,2021,12,0,0
CRC,2022,1,0,0
CRC,2022,2,0,0
CRC,2022,3,0,0
CRC,2022,4,3,2
CRC,2022,5,2,1
CRC,2022,6,16,8
CRC,2022,7,18,2
CRC,2022,8,25,13
CRC,2022,9,18,14
CRC,2022,10,3,0
CRC,2022,11,0,0
CRC,2022,12,0,0
CRC,2023,1,0,0
CRC,2023,2,0,0
CRC,2023,3,0,0
CRC,2023,4,0,0
CRC,2023,5,0,0
CRC,2023,6,1,0
CRC,2023,7,24,12
CRC,2023,8,20,9
CRC,2023,9,5,3
CRC,2023,10,10,4
CRC,2023,11,0,0
CRC,2023,12,0,0
CRC,2024,1,0,0
CRC,2024,2,0,0
CRC,2024,3,0,0
CRC,2024,4,0,0
CRC,2024,5,0,0
CRC,2024,6,10,4
CRC,2024,7,29,12
CRC,2024,8,23,11
CRC,2024,9,12,10
CRC,2024,10,12,6
CRC,2024,11,0,0
CRC,2024,12,0,0
CRC,2025,1,0,0
CRC,2025,2,1,0
CRC,2025,3,1,0
CRC,2025,4,0,0
CRC,2025,5,7,3
CRC,2025,6,8,1
CRC,2025,7,6,1
CRC,2025,8,24,12
CRC,2025,9,13,7
CRC,2025,10,4,1
CRC,2025,11,2,0
CRC,2025,12,0,0
CTF,2016,1,0,0
CTF,2016,2,0,0
CTF,2016,3,0,0
CTF,2016,4,1,0
CTF,2016,5,0,0
CTF,2016,6,1,0
CTF,2016,7,0,0
CTF,2016,8,0,0
CTF,2016,9,5,1
CTF,2016,10,1,0
CTF,2016,11,0,0
CTF,2016,12,0,0
CTF,2017,1,0,0
CTF,2017,2,0,0
CTF,2017,3,0,0
CTF,2017,4,0,0
CTF,2017,5,3,0
CTF,2017,6,4,0
CTF,2017,7,3,0
CTF,2017,8,2,0
CTF,2017,9,6,2
CTF,2017,10,7,2
CTF,2017,11,0,0
CTF,2017,12,0,0
CTF,2018,1,0,0
CTF,2018,2,0,0
CTF,2018,3,0,0
CTF,2018,4,0,0
CTF,2018,5,0,0
CTF,2018,6,2,0
CTF,2018,7,2,0
CTF,2018,8,2,1
CTF,2018,9,1,0
CTF,2018,10,0,0
CTF,2018,11,0,0
CTF,2018,12,0,0
CTF,2019,1,0,0
CTF,2019,2,0,0
CTF,2019,3,0,0
CTF,2019,4,0,0
CTF,2019,5,0,0
CTF,2019,6,3,3
CTF,2019,7,1,0
CTF,2019,8,2,1
CTF,2019,9,6,3
CTF,2019,10,4,0
CTF,2019,11,0,0
CTF,2019,12,0,0
CTF,2020,1,0,0
CTF,2020,2,0,0
CTF,2020,3,0,0
CTF,2020,4,0,0
CTF,2020,5,3,0
CTF,2020,6,1,0
CTF,2020,7,0,0
CTF,2020,8,3,3
CTF,2020,9,6,3
CTF,2020,10,11,4
CTF,2020,11,0,0
CTF,2020,12,0,0
CTF,2021,1,0,0
CTF,2021,2,0,0
CTF,2021,3,0,0
CTF,2021,4,0,0
CTF,2021,5,0,0
CTF,2021,6,2,0
CTF,2021,7,0,0
CTF,2021,8,1,0
CTF,2021,9,2,0
CTF,2021,10,4,3
CTF,2021,11,0,0
CTF,2021,12,0,0
CTF,2022,1,0,0
CTF,2022,2,0,0
CTF,2022,3,0,0
CTF,2022,4,2,1
CTF,2022,5,1,0
CTF,2022,6,3,2
CTF,2022,7,0,0
CTF,2022,8,0,0
CTF,2022,9,8,5
CTF,2022,10,3,1
CTF,2022,11,0,0
CTF,2022,12,0,0
CTF,2023,1,0,0
CTF,2023,2,0,0
CTF,2023,3,0,0
CTF,2023,4,0,0
CTF,2023,5,0,0
CTF,2023,6,0,0
CTF,2023,7,0,0
CTF,2023,8,2,0
CTF,2023,9,0,0
CTF,2023,10,6,3
CTF,2023,11,0,0
CTF,2023,12,0,0
CTF,2024,1,0,0
CTF,2024,2,0,0
CTF,2024,3,0,0
CTF,2024,4,0,0
CTF,2024,5,0,0
CTF,2024,6,0,0
CTF,2024,7,0,0
CTF,2024,8,0,0
CTF,2024,9,5,0
CTF,2024,10,6,4
CTF,2024,11,0,0
CTF,2024,12,0,0
CTF,2025,1,0,0
CTF,2025,2,0,0
CTF,2025,3,0,0
CTF,2025,4,0,0
CTF,2025,5,0,0
CTF,2025,6,0,0
CTF,2025,7,0,0
CTF,2025,8,1,0
CTF,2025,9,1,0
CTF,2025,10,0,0
CTF,2025,11,1,0
CTF,2025,12,0,0
CVSP,2016,1,0,0
CVSP,2016,2,0,0
CVSP,2016,3,6,0
CVSP,2016,4,10,5
CVSP,2016,5,18,9
CVSP,2016,6,30,30
CVSP,2016,7,31,31
CVSP,2016,8,31,31
CVSP,2016,9,27,19
CVSP,2016,10,20,7
CVSP,2016,11,1,0
CVSP,2016,12,0,0
CVSP,2017,1,0,0
CVSP,2017,2,0,0
CVSP,2017,3,11,1
CVSP,2017,4,14,2
CVSP,2017,5,19,17
CVSP,2017,6,29,28
CVSP,2017,7,31,31
CVSP,2017,8,31,31
CVSP,2017,9,25,20
CVSP,2017,10,25,8
CVSP,2017,11,0,0
CVSP,2017,12,0,0
CVSP,2018,1,0,0
CVSP,2018,2,0,0
CVSP,2018,3,3,0
CVSP,2018,4,18,9
CVSP,2018,5,25,19
CVSP,2018,6,30,30
CVSP,2018,7,31,31
CVSP,2018,8,31,31
CVSP,2018,9,30,30
CVSP,2018,10,5,0
CVSP,2018,11,0,0
CVSP,2018,12,0,0
CVSP,2019,1,0,0
CVSP,2019,2,0,0
CVSP,2019,3,0,0
CVSP,2019,4,12,9
CVSP,2019,5,13,7
CVSP,2019,6,30,28
CVSP,2019,7,31,31
CVSP,2019,8,31,31
CVSP,2019,9,26,21
CVSP,2019,10,12,6
CVSP,2019,11,0,0
CVSP,2019,12,0,0
CVSP,2020,1,0,0
CVSP,2020,2,0,0
CVSP,2020,3,0,0
CVSP,2020,4,9,9
CVSP,2020,5,28,23
CVSP,2020,6,30,28
CVSP,2020,7,31,31
CVSP,2020,8,31,31
CVSP,2020,9,30,28
CVSP,2020,10,23,19
CVSP,2020,11,5,0
CVSP,2020,12,0,0
CVSP,2021,1,0,0
CVSP,2021,2,0,0
CVSP,2021,3,1,0
CVSP,2021,4,15,5
CVSP,2021,5,27,22
CVSP,2021,6,30,30
CVSP,2021,7,31,31
CVSP,2021,8,31,31
CVSP,2021,9,29,24
CVSP,2021,10,8,3
CVSP,2021,11,1,0
CVSP,2021,12,0,0
CVSP,2022,1,0,0
CVSP,2022,2,0,0
CVSP,2022,3,4,2
CVSP,2022,4,18,6
CVSP,2022,5,27,22
CVSP,2022,6,30,30
CVSP,2022,7,31,31
CVSP,2022,8,31,30
CVSP,2022,9,30,28
CVSP,2022,10,17,13
CVSP,2022,11,0,0
CVSP,2022,12,0,0
CVSP,2023,1,0,0
CVSP,2023,2,0,0
CVSP,2023,3,0,0
CVSP,2023,4,16,8
CVSP,2023,5,25,19
CVSP,2023,6,30,25
CVSP,2023,7,31,31
CVSP,2023,8,30,29
CVSP,2023,9,30,27
CVSP,2023,10,17,15
CVSP,2023,11,2,0
CVSP,2023,12,0,0
CVSP,2024,1,0,0
CVSP,2024,2,0,0
CVSP,2024,3,0,0
CVSP,2024,4,15,6
CVSP,2024,5,28,19
CVSP,2024,6,30,30
CVSP,2024,7,31,31
CVSP,2024,8,31,31
CVSP,2024,9,29,24
CVSP,2024,10,22,19
CVSP,2024,11,0,0
CVSP,2024,12,0,0
CVSP,2025,1,0,0
CVSP,2025,2,4,0
CVSP,2025,3,5,3
CVSP,2025,4,15,5
CVSP,2025,5,25,20
CVSP,2025,6,30,29
CVSP,2025,7,31,31
CVSP,2025,8,31,31
CVSP,2025,9,27,22
CVSP,2025,10,18,5
CVSP,2025,11,4,0
CVSP,2025,12,0,0
FOL,2016,1,0,0
FOL,2016,2,0,0
FOL,2016,3,0,0
FOL,2016,4,0,0
FOL,2016,5,6,1
FOL,2016,6,19,13
FOL,2016,7,23,14
FOL,2016,8,20,9
FOL,2016,9,13,4
FOL,2016,10,0,0
FOL,2016,11,0,0
FOL,2016,12,0,0
FOL,2017,1,0,0
FOL,2017,2,0,0
FOL,2017,3,0,0
FOL,2017,4,0,0
FOL,2017,5,5,2
FOL,2017,6,16,9
FOL,2017,7,31,26
FOL,2017,8,27,16
FOL,2017,9,12,6
FOL,2017,10,0,0
FOL,2017,11,0,0
FOL,2017,12,0,0
FOL,2018,1,0,0
FOL,2018,2,0,0
FOL,2018,3,0,0
FOL,2018,4,0,0
FOL,2018,5,2,1
FOL,2018,6,15,8
FOL,2018,7,29,25
FOL,2018,8,18,12
FOL,2018,9,15,2
FOL,2018,10,0,0
FOL,2018,11,0,0
FOL,2018,12,0,0
FOL,2019,1,0,0
FOL,2019,2,0,0
FOL,2019,3,0,0
FOL,2019,4,0,0
FOL,2019,5,0,0
FOL,2019,6,14,7
FOL,2019,7,24,12
FOL,2019,8,23,17
FOL,2019,9,11,7
FOL,2019,10,0,0
FOL,2019,11,0,0
FOL,2019,12,0,0
FOL,2020,1,0,0
FOL,2020,2,0,0
FOL,2020,3,0,0
FOL,2020,4,1,0
FOL,2020,5,7,4
FOL,2020,6,16,10
FOL,2020,7,28,17
FOL,2020,8,29,16
FOL,2020,9,10,5
FOL,2020,10,8,0
FOL,2020,11,0,0
FOL,2020,12,0,0
FOL,2021,1,0,0
FOL,2021,2,0,0
FOL,2021,3,0,0
FOL,2021,4,0,0
FOL,2021,5,3,1
FOL,2021,6,15,8
FOL,2021,7,26,15
FOL,2021,8,18,10
FOL,2021,9,13,5
FOL,2021,10,0,0
FOL,2021,11,0,0
FOL,2021,12,0,0
FOL,2022,1,0,0
FOL,2022,2,0,0
FOL,2022,3,0,0
FOL,2022,4,0,0
FOL,2022,5,4,3
FOL,2022,6,17,11
FOL,2022,7,23,19
FOL,2022,8,28,16
FOL,2022,9,14,9
FOL,2022,10,6,0
FOL,2022,11,0,0
FOL,2022,12,0,0
FOL,2023,1,0,0
FOL,2023,2,0,0
FOL,2023,3,0,0
FOL,2023,4,0,0
FOL,2023,5,4,0
FOL,2023,6,4,2
FOL,2023,7,26,21
FOL,2023,8,24,13
FOL,2023,9,6,0
FOL,2023,10,4,0
FOL,2023,11,0,0
FOL,2023,12,0,0
FOL,2024,1,0,0
FOL,2024,2,0,0
FOL,2024,3,0,0
FOL,2024,4,0,0
FOL,2024,5,3,0
FOL,2024,6,17,12
FOL,2024,7,28,25
FOL,2024,8,20,15
FOL,2024,9,13,8
FOL,2024,10,8,8
FOL,2024,11,0,0
FOL,2024,12,0,0
FOL,2025,1,0,0
FOL,2025,2,0,0
FOL,2025,3,0,0
FOL,2025,4,0,0
FOL,2025,5,4,2
FOL,2025,6,14,6
FOL,2025,7,19,10
FOL,2025,8,25,16
FOL,2025,9,9,5
FOL,2025,10,0,0
FOL,2025,11,0,0
FOL,2025,12,0,0
FWF,2016,1,0,0
FWF,2016,2,0,0
FWF,2016,3,0,0
FWF,2016,4,0,0
FWF,2016,5,5,1
FWF,2016,6,17,13
FWF,2016,7,22,13
FWF,2016,8,20,9
FWF,2016,9,13,4
FWF,2016,10,0,0
FWF,2016,11,0,0
FWF,2016,12,0,0
FWF,2017,1,0,0
FWF,2017,2,0,0
FWF,2017,3,0,0
FWF,2017,4,0,0
FWF,2017,5,4,2
FWF,2017,6,16,9
FWF,2017,7,31,23
FWF,2017,8,27,15
FWF,2017,9,11,6
FWF,2017,10,0,0
FWF,2017,11,0,0
FWF,2017,12,0,0
FWF,2018,1,0,0
FWF,2018,2,0,0
FWF,2018,3,0,0
FWF,2018,4,0,0
FWF,2018,5,2,1
FWF,2018,6,15,8
FWF,2018,7,29,25
FWF,2018,8,18,12
FWF,2018,9,16,2
FWF,2018,10,0,0
FWF,2018,11,0,0
FWF,2018,12,0,0
FWF,2019,1,0,0
FWF,2019,2,0,0
FWF,2019,3,0,0
FWF,2019,4,0,0
FWF,2019,5,0,0
FWF,2019,6,13,6
FWF,2019,7,24,11
FWF,2019,8,23,17
FWF,2019,9,11,7
FWF,2019,10,0,0
FWF,2019,11,0,0
FWF,2019,12,0,0
FWF,2020,1,0,0
FWF,2020,2,0,0
FWF,2020,3,0,0
FWF,2020,4,0,0
FWF,2020,5,6,4
FWF,2020,6,16,9
FWF,2020,7,26,17
FWF,2020,8,29,16
FWF,2020,9,11,5
FWF,2020,10,8,0
FWF,2020,11,0,0
FWF,2020,12,0,0
FWF,2021,1,0,0
FWF,2021,2,0,0
FWF,2021,3,0,0
FWF,2021,4,0,0
FWF,2021,5,3,1
FWF,2021,6,15,8
FWF,2021,7,26,15
FWF,2021,8,18,10
FWF,2021,9,13,5
FWF,2021,10,0,0
FWF,2021,11,0,0
FWF,2021,12,0,0
FWF,2022,1,0,0
FWF,2022,2,0,0
FWF,2022,3,0,0
FWF,2022,4,0,0
FWF,2022,5,4,1
FWF,2022,6,16,11
FWF,2022,7,23,19
FWF,2022,8,28,16
FWF,2022,9,14,9
FWF,2022,10,5,0
FWF,2022,11,0,0
FWF,2022,12,0,0
FWF,2023,1,0,0
FWF,2023,2,0,0
FWF,2023,3,0,0
FWF,2023,4,0,0
FWF,2023,5,4,0
FWF,2023,6,4,2
FWF,2023,7,25,22
FWF,2023,8,25,13
FWF,2023,9,6,0
FWF,2023,10,4,0
FWF,2023,11,0,0
FWF,2023,12,0,0
FWF,2024,1,0,0
FWF,2024,2,0,0
FWF,2024,3,0,0
FWF,2024,4,0,0
FWF,2024,5,3,0
FWF,2024,6,17,11
FWF,2024,7,27,23
FWF,2024,8,19,12
FWF,2024,9,13,8
FWF,2024,10,8,8
FWF,2024,11,0,0
FWF,2024,12,0,0
FWF,2025,1,0,0
FWF,2025,2,0,0
FWF,2025,3,0,0
FWF,2025,4,0,0
FWF,2025,5,4,2
FWF,2025,6,13,3
FWF,2025,7,18,8
FWF,2025,8,24,15
FWF,2025,9,8,4
FWF,2025,10,0,0
FWF,2025,11,0,0
FWF,2025,12,0,0
HDSP,2016,1,0,0
HDSP,2016,2,0,0
HDSP,2016,3,0,0
HDSP,2016,4,0,0
HDSP,2016,5,0,0
HDSP,2016,6,11,2
HDSP,2016,7,14,7
HDSP,2016,8,20,9
HDSP,2016,9,1,0
HDSP,2016,10,0,0
HDSP,2016,11,0,0
HDSP,2016,12,0,0
HDSP,2017,1,0,0
HDSP,2017,2,0,0
HDSP,2017,3,0,0
HDSP,2017,4,0,0
HDSP,2017,5,0,0
HDSP,2017,6,11,5
HDSP,2017,7,27,9
HDSP,2017,8,17,7
HDSP,2017,9,6,4
HDSP,2017,10,0,0
HDSP,2017,11,0,0
HDSP,2017,12,0,0
HDSP,2018,1,0,0
HDSP,2018,2,0,0
HDSP,2018,3,0,0
HDSP,2018,4,0,0
HDSP,2018,5,0,0
HDSP,2018,6,4,0
HDSP,2018,7,27,15
HDSP,2018,8,17,6
HDSP,2018,9,4,0
HDSP,2018,10,0,0
HDSP,2018,11,0,0
HDSP,2018,12,0,0
HDSP,2019,1,0,0
HDSP,2019,2,0,0
HDSP,2019,3,0,0
HDSP,2019,4,0,0
HDSP,2019,5,0,0
HDSP,2019,6,2,0
HDSP,2019,7,14,1
HDSP,2019,8,22,4
HDSP,2019,9,4,0
HDSP,2019,10,0,0
HDSP,2019,11,0,0
HDSP,2019,12,0,0
HDSP,2020,1,0,0
HDSP,2020,2,0,0
HDSP,2020,3,0,0
HDSP,2020,4,0,0
HDSP,2020,5,3,0
HDSP,2020,6,10,3
HDSP,2020,7,20,9
HDSP,2020,8,20,4
HDSP,2020,9,6,4
HDSP,2020,10,0,0
HDSP,2020,11,0,0
HDSP,2020,12,0,0
HDSP,2021,1,0,0
HDSP,2021,2,0,0
HDSP,2021,3,0,0
HDSP,2021,4,0,0
HDSP,2021,5,1,0
HDSP,2021,6,16,10
HDSP,2021,7,29,19
HDSP,2021,8,15,9
HDSP,2021,9,5,3
HDSP,2021,10,0,0
HDSP,2021,11,0,0
HDSP,2021,12,0,0
HDSP,2022,1,0,0
HDSP,2022,2,0,0
HDSP,2022,3,0,0
HDSP,2022,4,0,0
HDSP,2022,5,0,0
HDSP,2022,6,4,0
HDSP,2022,7,22,15
HDSP,2022,8,26,8
HDSP,2022,9,8,8
HDSP,2022,10,0,0
HDSP,2022,11,0,0
HDSP,2022,12,0,0
HDSP,2023,1,0,0
HDSP,2023,2,0,0
HDSP,2023,3,0,0
HDSP,2023,4,0,0
HDSP,2023,5,1,0
HDSP,2023,6,1,0
HDSP,2023,7,26,10
HDSP,2023,8,15,3
HDSP,2023,9,0,0
HDSP,2023,10,0,0
HDSP,2023,11,0,0
HDSP,2023,12,0,0
HDSP,2024,1,0,0
HDSP,2024,2,0,0
HDSP,2024,3,0,0
HDSP,2024,4,0,0
HDSP,2024,5,0,0
HDSP,2024,6,12,2
HDSP,2024,7,25,18
HDSP,2024,8,13,4
HDSP,2024,9,3,0
HDSP,2024,10,1,0
HDSP,2024,11,0,0
HDSP,2024,12,0,0
HDSP,2025,1,0,0
HDSP,2025,2,0,0
HDSP,2025,3,0,0
HDSP,2025,4,0,0
HDSP,2025,5,3,2
HDSP,2025,6,12,3
HDSP,2025,7,21,9
HDSP,2025,8,19,8
HDSP,2025,9,4,0
HDSP,2025,10,0,0
HDSP,2025,11,0,0
HDSP,2025,12,0,0
ISP,2016,1,0,0
ISP,2016,2,1,0
ISP,2016,3,7,0
ISP,2016,4,10,5
ISP,2016,5,19,9
ISP,2016,6,30,30
ISP,2016,7,31,31
ISP,2016,8,31,31
ISP,2016,9,27,20
ISP,2016,10,18,6
ISP,2016,11,1,0
ISP,2016,12,0,0
ISP,2017,1,0,0
ISP,2017,2,0,0
ISP,2017,3,11,2
ISP,2017,4,15,2
ISP,2017,5,21,17
ISP,2017,6,30,28
ISP,2017,7,31,31
ISP,2017,8,31,31
ISP,2017,9,25,20
ISP,2017,10,24,8
ISP,2017,11,0,0
ISP,2017,12,0,0
ISP,2018,1,0,0
ISP,2018,2,0,0
ISP,2018,3,3,0
ISP,2018,4,18,9
ISP,2018,5,25,19
ISP,2018,6,30,30
ISP,2018,7,31,31
ISP,2018,8,31,31
ISP,2018,9,30,30
ISP,2018,10,6,0
ISP,2018,11,0,0
ISP,2018,12,0,0
ISP,2019,1,0,0
ISP,2019,2,0,0
ISP,2019,3,0,0
ISP,2019,4,12,9
ISP,2019,5,13,7
ISP,2019,6,30,28
ISP,2019,7,31,31
ISP,2019,8,31,31
ISP,2019,9,26,21
ISP,2019,10,12,6
ISP,2019,11,0,0
ISP,2019,12,0,0
ISP,2020,1,0,0
ISP,2020,2,0,0
ISP,2020,3,0,0
ISP,2020,4,9,9
ISP,2020,5,28,23
ISP,2020,6,29,28
ISP,2020,7,31,31
ISP,2020,8,31,31
ISP,2020,9,30,28
ISP,2020,10,23,19
ISP,2020,11,5,0
ISP,2020,12,0,0
ISP,2021,1,0,0
ISP,2021,2,0,0
ISP,2021,3,1,0
ISP,2021,4,15,5
ISP,2021,5,27,23
ISP,2021,6,30,30
ISP,2021,7,31,30
ISP,2021,8,31,31
ISP,2021,9,29,25
ISP,2021,10,9,3
ISP,2021,11,1,0
ISP,2021,12,0,0
ISP,2022,1,0,0
ISP,2022,2,0,0
ISP,2022,3,4,2
ISP,2022,4,18,6
ISP,2022,5,27,22
ISP,2022,6,30,30
ISP,2022,7,31,31
ISP,2022,8,31,30
ISP,2022,9,30,28
ISP,2022,10,17,13
ISP,2022,11,0,0
ISP,2022,12,0,0
ISP,2023,1,0,0
ISP,2023,2,0,0
ISP,2023,3,0,0
ISP,2023,4,16,9
ISP,2023,5,24,18
ISP,2023,6,29,25
ISP,2023,7,31,31
ISP,2023,8,30,28
ISP,2023,9,29,27
ISP,2023,10,17,15
ISP,2023,11,2,0
ISP,2023,12,0,0
ISP,2024,1,0,0
ISP,2024,2,0,0
ISP,2024,3,0,0
ISP,2024,4,15,10
ISP,2024,5,27,19
ISP,2024,6,30,30
ISP,2024,7,31,31
ISP,2024,8,31,31
ISP,2024,9,29,24
ISP,2024,10,22,19
ISP,2024,11,0,0
ISP,2024,12,0,0
ISP,2025,1,0,0
ISP,2025,2,4,1
ISP,2025,3,5,3
ISP,2025,4,15,5
ISP,2025,5,25,20
ISP,2025,6,30,29
ISP,2025,7,31,31
ISP,2025,8,31,31
ISP,2025,9,27,22
ISP,2025,10,19,4
ISP,2025,11,5,0
ISP,2025,12,0,0
KVSP,2016,1,0,0
KVSP,2016,2,0,0
KVSP,2016,3,0,0
KVSP,2016,4,3,0
KVSP,2016,5,12,6
KVSP,2016,6,23,19
KVSP,2016,7,30,28
KVSP,2016,8,31,28
KVSP,2016,9,22,13
KVSP,2016,10,1,0
KVSP,2016,11,0,0
KVSP,2016,12,0,0
KVSP,2017,1,0,0
KVSP,2017,2,0,0
KVSP,2017,3,0,0
KVSP,2017,4,0,0
KVSP,2017,5,12,5
KVSP,2017,6,23,16
KVSP,2017,7,31,31
KVSP,2017,8,30,27
KVSP,2017,9,15,9
KVSP,2017,10,1,0
KVSP,2017,11,0,0
KVSP,2017,12,0,0
KVSP,2018,1,0,0
KVSP,2018,2,0,0
KVSP,2018,3,0,0
KVSP,2018,4,2,0
KVSP,2018,5,3,1
KVSP,2018,6,20,15
KVSP,2018,7,31,29
KVSP,2018,8,29,22
KVSP,2018,9,21,14
KVSP,2018,10,0,0
KVSP,2018,11,0,0
KVSP,2018,12,0,0
KVSP,2019,1,0,0
KVSP,2019,2,0,0
KVSP,2019,3,0,0
KVSP,2019,4,3,0
KVSP,2019,5,0,0
KVSP,2019,6,25,12
KVSP,2019,7,31,22
KVSP,2019,8,30,22
KVSP,2019,9,15,12
KVSP,2019,10,0,0
KVSP,2019,11,0,0
KVSP,2019,12,0,0
KVSP,2020,1,0,0
KVSP,2020,2,0,0
KVSP,2020,3,0,0
KVSP,2020,4,2,0
KVSP,2020,5,8,6
KVSP,2020,6,18,12
KVSP,2020,7,31,28
KVSP,2020,8,30,28
KVSP,2020,9,19,8
KVSP,2020,10,6,1
KVSP,2020,11,0,0
KVSP,2020,12,0,0
KVSP,2021,1,0,0
KVSP,2021,2,0,0
KVSP,2021,3,0,0
KVSP,2021,4,1,0
KVSP,2021,5,9,4
KVSP,2021,6,24,21
KVSP,2021,7,31,30
KVSP,2021,8,27,24
KVSP,2021,9,19,15
KVSP,2021,10,3,0
KVSP,2021,11,0,0
KVSP,2021,12,0,0
KVSP,2022,1,0,0
KVSP,2022,2,0,0
KVSP,2022,3,0,0
KVSP,2022,4,2,0
KVSP,2022,5,8,3
KVSP,2022,6,21,13
KVSP,2022,7,29,25
KVSP,2022,8,31,30
KVSP,2022,9,20,14
KVSP,2022,10,8,0
KVSP,2022,11,0,0
KVSP,2022,12,0,0
KVSP,2023,1,0,0
KVSP,2023,2,0,0
KVSP,2023,3,0,0
KVSP,2023,4,2,0
KVSP,2023,5,10,4
KVSP,2023,6,10,3
KVSP,2023,7,30,26
KVSP,2023,8,27,21
KVSP,2023,9,13,4
KVSP,2023,10,5,2
KVSP,2023,11,0,0
KVSP,2023,12,0,0
KVSP,2024,1,0,0
KVSP,2024,2,0,0
KVSP,2024,3,0,0
KVSP,2024,4,1,0
KVSP,2024,5,14,3
KVSP,2024,6,27,18
KVSP,2024,7,31,30
KVSP,2024,8,28,22
KVSP,2024,9,20,13
KVSP,2024,10,9,8
KVSP,2024,11,0,0
KVSP,2024,12,0,0
KVSP,2025,1,0,0
KVSP,2025,2,0,0
KVSP,2025,3,0,0
KVSP,2025,4,0,0
KVSP,2025,5,9,4
KVSP,2025,6,26,17
KVSP,2025,7,30,22
KVSP,2025,8,31,25
KVSP,2025,9,18,8
KVSP,2025,10,0,0
KVSP,2025,11,0,0
KVSP,2025,12,0,0
LAC,2016,1,0,0
LAC,2016,2,0,0
LAC,2016,3,0,0
LAC,2016,4,0,0
LAC,2016,5,6,2
LAC,2016,6,24,22
LAC,2016,7,31,28
LAC,2016,8,31,26
LAC,2016,9,17,7
LAC,2016,10,0,0
LAC,2016,11,0,0
LAC,2016,12,0,0
LAC,2017,1,0,0
LAC,2017,2,0,0
LAC,2017,3,0,0
LAC,2017,4,1,0
LAC,2017,5,12,6
LAC,2017,6,23,22
LAC,2017,7,31,30
LAC,2017,8,28,27
LAC,2017,9,13,7
LAC,2017,10,3,0
LAC,2017,11,0,0
LAC,2017,12,0,0
LAC,2018,1,0,0
LAC,2018,2,0,0
LAC,2018,3,0,0
LAC,2018,4,0,0
LAC,2018,5,6,2
LAC,2018,6,21,17
LAC,2018,7,31,29
LAC,2018,8,30,21
LAC,2018,9,25,12
LAC,2018,10,0,0
LAC,2018,11,0,0
LAC,2018,12,0,0
LAC,2019,1,0,0
LAC,2019,2,0,0
LAC,2019,3,0,0
LAC,2019,4,3,0
LAC,2019,5,0,0
LAC,2019,6,24,9
LAC,2019,7,28,19
LAC,2019,8,31,25
LAC,2019,9,13,10
LAC,2019,10,1,0
LAC,2019,11,0,0
LAC,2019,12,0,0
LAC,2020,1,0,0
LAC,2020,2,0,0
LAC,2020,3,0,0
LAC,2020,4,4,1
LAC,2020,5,12,4
LAC,2020,6,19,14
LAC,2020,7,30,25
LAC,2020,8,30,28
LAC,2020,9,27,15
LAC,2020,10,14,4
LAC,2020,11,0,0
LAC,2020,12,0,0
LAC,2021,1,0,0
LAC,2021,2,0,0
LAC,2021,3,0,0
LAC,2021,4,2,1
LAC,2021,5,8,2
LAC,2021,6,25,21
LAC,2021,7,30,30
LAC,2021,8,27,23
LAC,2021,9,21,12
LAC,2021,10,1,0
LAC,2021,11,0,0
LAC,2021,12,0,0
LAC,2022,1,0,0
LAC,2022,2,0,0
LAC,2022,3,0,0
LAC,2022,4,1,0
LAC,2022,5,8,3
LAC,2022,6,23,15
LAC,2022,7,27,25
LAC,2022,8,31,30
LAC,2022,9,18,15
LAC,2022,10,9,1
LAC,2022,11,0,0
LAC,2022,12,0,0
LAC,2023,1,0,0
LAC,2023,2,0,0
LAC,2023,3,0,0
LAC,2023,4,3,0
LAC,2023,5,11,3
LAC,2023,6,5,2
LAC,2023,7,31,25
LAC,2023,8,26,21
LAC,2023,9,11,4
LAC,2023,10,6,0
LAC,2023,11,0,0
LAC,2023,12,0,0
LAC,2024,1,0,0
LAC,2024,2,0,0
LAC,2024,3,0,0
LAC,2024,4,0,0
LAC,2024,5,4,0
LAC,2024,6,26,16
LAC,2024,7,31,29
LAC,2024,8,27,25
LAC,2024,9,21,15
LAC,2024,10,9,7
LAC,2024,11,0,0
LAC,2024,12,0,0
LAC,2025,1,0,0
LAC,2025,2,0,0
LAC,2025,3,0,0
LAC,2025,4,0,0
LAC,2025,5,11,4
LAC,2025,6,23,17
LAC,2025,7,25,17
LAC,2025,8,31,25
LAC,2025,9,14,6
LAC,2025,10,0,0
LAC,2025,11,0,0
LAC,2025,12,0,0
MCSP,2016,1,0,0
MCSP,2016,2,0,0
MCSP,2016,3,0,0
MCSP,2016,4,0,0
MCSP,2016,5,5,1
MCSP,2016,6,19,15
MCSP,2016,7,23,15
MCSP,2016,8,25,10
MCSP,2016,9,13,4
MCSP,2016,10,0,0
MCSP,2016,11,0,0
MCSP,2016,12,0,0
MCSP,2017,1,0,0
MCSP,2017,2,0,0
MCSP,2017,3,0,0
MCSP,2017,4,0,0
MCSP,2017,5,5,2
MCSP,2017,6,18,9
MCSP,2017,7,31,27
MCSP,2017,8,27,17
MCSP,2017,9,13,6
MCSP,2017,10,0,0
MCSP,2017,11,0,0
MCSP,2017,12,0,0
MCSP,2018,1,0,0
MCSP,2018,2,0,0
MCSP,2018,3,0,0
MCSP,2018,4,0,0
MCSP,2018,5,2,1
MCSP,2018,6,15,9
MCSP,2018,7,29,26
MCSP,2018,8,20,13
MCSP,2018,9,16,3
MCSP,2018,10,0,0
MCSP,2018,11,0,0
MCSP,2018,12,0,0
MCSP,2019,1,0,0
MCSP,2019,2,0,0
MCSP,2019,3,0,0
MCSP,2019,4,0,0
MCSP,2019,5,0,0
MCSP,2019,6,16,7
MCSP,2019,7,25,15
MCSP,2019,8,23,17
MCSP,2019,9,11,6
MCSP,2019,10,0,0
MCSP,2019,11,0,0
MCSP,2019,12,0,0
MCSP,2020,1,0,0
MCSP,2020,2,0,0
MCSP,2020,3,0,0
MCSP,2020,4,0,0
MCSP,2020,5,7,4
MCSP,2020,6,17,13
MCSP,2020,7,30,19
MCSP,2020,8,28,17
MCSP,2020,9,14,7
MCSP,2020,10,9,0
MCSP,2020,11,0,0
MCSP,2020,12,0,0
MCSP,2021,1,0,0
MCSP,2021,2,0,0
MCSP,2021,3,0,0
MCSP,2021,4,0,0
MCSP,2021,5,5,1
MCSP,2021,6,17,11
MCSP,2021,7,30,20
MCSP,2021,8,21,15
MCSP,2021,9,14,8
MCSP,2021,10,0,0
MCSP,2021,11,0,0
MCSP,2021,12,0,0
MCSP,2022,1,0,0
MCSP,2022,2,0,0
MCSP,2022,3,0,0
MCSP,2022,4,0,0
MCSP,2022,5,3,1
MCSP,2022,6,16,10
MCSP,2022,7,23,14
MCSP,2022,8,26,15
MCSP,2022,9,15,9
MCSP,2022,10,6,0
MCSP,2022,11,0,0
MCSP,2022,12,0,0
MCSP,2023,1,0,0
MCSP,2023,2,0,0
MCSP,2023,3,0,0
MCSP,2023,4,0,0
MCSP,2023,5,5,0
MCSP,2023,6,7,2
MCSP,2023,7,27,23
MCSP,2023,8,26,14
MCSP,2023,9,7,0
MCSP,2023,10,4,0
MCSP,2023,11,0,0
MCSP,2023,12,0,0
MCSP,2024,1,0,0
MCSP,2024,2,0,0
MCSP,2024,3,0,0
MCSP,2024,4,0,0
MCSP,2024,5,1,0
MCSP,2024,6,17,10
MCSP,2024,7,26,22
MCSP,2024,8,19,10
MCSP,2024,9,12,8
MCSP,2024,10,8,7
MCSP,2024,11,0,0
MCSP,2024,12,0,0
MCSP,2025,1,0,0
MCSP,2025,2,0,0
MCSP,2025,3,0,0
MCSP,2025,4,0,0
MCSP,2025,5,4,2
MCSP,2025,6,8,2
MCSP,2025,7,14,5
MCSP,2025,8,22,11
MCSP,2025,9,8,5
MCSP,2025,10,0,0
MCSP,2025,11,0,0
MCSP,2025,12,0,0
NKSP,2016,1,0,0
NKSP,2016,2,0,0
NKSP,2016,3,0,0
NKSP,2016,4,3,0
NKSP,2016,5,12,6
NKSP,2016,6,23,19
NKSP,2016,7,30,28
NKSP,2016,8,31,28
NKSP,2016,9,22,13
NKSP,2016,10,1,0
NKSP,2016,11,0,0
NKSP,2016,12,0,0
NKSP,2017,1,0,0
NKSP,2017,2,0,0
NKSP,2017,3,0,0
NKSP,2017,4,0,0
NKSP,2017,5,12,5
NKSP,2017,6,23,16
NKSP,2017,7,31,31
NKSP,2017,8,30,27
NKSP,2017,9,15,9
NKSP,2017,10,1,0
NKSP,2017,11,0,0
NKSP,2017,12,0,0
NKSP,2018,1,0,0
NKSP,2018,2,0,0
NKSP,2018,3,0,0
NKSP,2018,4,2,0
NKSP,2018,5,3,1
NKSP,2018,6,20,15
NKSP,2018,7,31,29
NKSP,2018,8,29,22
NKSP,2018,9,21,14
NKSP,2018,10,0,0
NKSP,2018,11,0,0
NKSP,2018,12,0,0
NKSP,2019,1,0,0
NKSP,2019,2,0,0
NKSP,2019,3,0,0
NKSP,2019,4,3,0
NKSP,2019,5,0,0
NKSP,2019,6,25,12
NKSP,2019,7,31,22
NKSP,2019,8,30,22
NKSP,2019,9,15,12
NKSP,2019,10,0,0
NKSP,2019,11,0,0
NKSP,2019,12,0,0
NKSP,2020,1,0,0
NKSP,2020,2,0,0
NKSP,2020,3,0,0
NKSP,2020,4,2,0
NKSP,2020,5,8,6
NKSP,2020,6,18,12
NKSP,2020,7,31,28
NKSP,2020,8,30,28
NKSP,2020,9,19,8
NKSP,2020,10,6,1
NKSP,2020,11,0,0
NKSP,2020,12,0,0
NKSP,2021,1,0,0
NKSP,2021,2,0,0
NKSP,2021,3,0,0
NKSP,2021,4,1,0
NKSP,2021,5,9,4
NKSP,2021,6,24,21
NKSP,2021,7,31,30
NKSP,2021,8,27,24
NKSP,2021,9,19,15
NKSP,2021,10,3,0
NKSP,2021,11,0,0
NKSP,2021,12,0,0
NKSP,2022,1,0,0
NKSP,2022,2,0,0
NKSP,2022,3,0,0
NKSP,2022,4,2,0
NKSP,2022,5,8,3
NKSP,2022,6,21,13
NKSP,2022,7,29,25
NKSP,2022,8,31,30
NKSP,2022,9,20,14
NKSP,2022,10,8,0
NKSP,2022,11,0,0
NKSP,2022,12,0,0
NKSP,2023,1,0,0
NKSP,2023,2,0,0
NKSP,2023,3,0,0
NKSP,2023,4,2,0
NKSP,2023,5,10,4
NKSP,2023,6,10,3
NKSP,2023,7,30,26
NKSP,2023,8,27,21
NKSP,2023,9,13,4
NKSP,2023,10,5,2
NKSP,2023,11,0,0
NKSP,2023,12,0,0
NKSP,2024,1,0,0
NKSP,2024,2,0,0
NKSP,2024,3,0,0
NKSP,2024,4,1,0
NKSP,2024,5,14,3
NKSP,2024,6,27,18
NKSP,2024,7,31,30
NKSP,2024,8,28,22
NKSP,2024,9,20,13
NKSP,2024,10,9,8
NKSP,2024,11,0,0
NKSP,2024,12,0,0
NKSP,2025,1,0,0
NKSP,2025,2,0,0
NKSP,2025,3,0,0
NKSP,2025,4,0,0
NKSP,2025,5,9,4
NKSP,2025,6,26,17
NKSP,2025,7,30,22
NKSP,2025,8,31,25
NKSP,2025,9,18,8
NKSP,2025,10,0,0
NKSP,2025,11,0,0
NKSP,2025,12,0,0
PBSP,2016,1,0,0
PBSP,2016,2,0,0
PBSP,2016,3,0,0
PBSP,2016,4,0,0
PBSP,2016,5,0,0
PBSP,2016,6,0,0
PBSP,2016,7,0,0
PBSP,2016,8,0,0
PBSP,2016,9,0,0
PBSP,2016,10,0,0
PBSP,2016,11,0,0
PBSP,2016,12,0,0
PBSP,2017,1,0,0
PBSP,2017,2,0,0
PBSP,2017,3,0,0
PBSP,2017,4,0,0
PBSP,2017,5,0,0
PBSP,2017,6,0,0
PBSP,2017,7,0,0
PBSP,2017,8,0,0
PBSP,2017,9,0,0
PBSP,2017,10,0,0
PBSP,2017,11,0,0
PBSP,2017,12,0,0
PBSP,2018,1,0,0
PBSP,2018,2,0,0
PBSP,2018,3,0,0
PBSP,2018,4,0,0
PBSP,2018,5,0,0
PBSP,2018,6,0,0
PBSP,2018,7,0,0
PBSP,2018,8,0,0
PBSP,2018,9,0,0
PBSP,2018,10,0,0
PBSP,2018,11,0,0
PBSP,2018,12,0,0
PBSP,2019,1,0,0
PBSP,2019,2,0,0
PBSP,2019,3,0,0
PBSP,2019,4,0,0
PBSP,2019,5,0,0
PBSP,2019,6,0,0
PBSP,2019,7,0,0
PBSP,2019,8,0,0
PBSP,2019,9,0,0
PBSP,2019,10,0,0
PBSP,2019,11,0,0
PBSP,2019,12,0,0
PBSP,2020,1,0,0
PBSP,2020,2,0,0
PBSP,2020,3,0,0
PBSP,2020,4,0,0
PBSP,2020,5,0,0
PBSP,2020,6,0,0
PBSP,2020,7,0,0
PBSP,2020,8,0,0
PBSP,2020,9,1,0
PBSP,2020,10,0,0
PBSP,2020,11,0,0
PBSP,2020,12,0,0
PBSP,2021,1,0,0
PBSP,2021,2,0,0
PBSP,2021,3,0,0
PBSP,2021,4,0,0
PBSP,2021,5,0,0
PBSP,2021,6,0,0
PBSP,2021,7,0,0
PBSP,2021,8,0,0
PBSP,2021,9,0,0
PBSP,2021,10,0,0
PBSP,2021,11,0,0
PBSP,2021,12,0,0
PBSP,2022,1,0,0
PBSP,2022,2,0,0
PBSP,2022,3,0,0
PBSP,2022,4,0,0
PBSP,2022,5,0,0
PBSP,2022,6,0,0
PBSP,2022,7,0,0
PBSP,2022,8,0,0
PBSP,2022,9,0,0
PBSP,2022,10,0,0
PBSP,2022,11,0,0
PBSP,2022,12,0,0
PBSP,2023,1,0,0
PBSP,2023,2,0,0
PBSP,2023,3,0,0
PBSP,2023,4,0,0
PBSP,2023,5,0,0
PBSP,2023,6,0,0
PBSP,2023,7,0,0
PBSP,2023,8,0,0
PBSP,2023,9,0,0
PBSP,2023,10,0,0
PBSP,2023,11,0,0
PBSP,2023,12,0,0
PBSP,2024,1,0,0
PBSP,2024,2,0,0
PBSP,2024,3,0,0
PBSP,2024,4,0,0
PBSP,2024,5,0,0
PBSP,2024,6,0,0
PBSP,2024,7,0,0
PBSP,2024,8,0,0
PBSP,2024,9,0,0
PBSP,2024,10,0,0
PBSP,2024,11,0,0
PBSP,2024,12,0,0
PBSP,2025,1,0,0
PBSP,2025,2,0,0
PBSP,2025,3,0,0
PBSP,2025,4,0,0
PBSP,2025,5,0,0
PBSP,2025,6,0,0
PBSP,2025,7,0,0
PBSP,2025,8,0,0
PBSP,2025,9,0,0
PBSP,2025,10,0,0
PBSP,2025,11,0,0
PBSP,2025,12,0,0
PVSP,2016,1,0,0
PVSP,2016,2,0,0
PVSP,2016,3,0,0
PVSP,2016,4,4,0
PVSP,2016,5,11,4
PVSP,2016,6,22,17
PVSP,2016,7,31,29
PVSP,2016,8,31,27
PVSP,2016,9,21,16
PVSP,2016,10,2,0
PVSP,2016,11,0,0
PVSP,2016,12,0,0
PVSP,2017,1,0,0
PVSP,2017,2,0,0
PVSP,2017,3,0,0
PVSP,2017,4,0,0
PVSP,2017,5,13,5
PVSP,2017,6,23,16
PVSP,2017,7,31,31
PVSP,2017,8,31,29
PVSP,2017,9,15,9
PVSP,2017,10,0,0
PVSP,2017,11,0,0
PVSP,2017,12,0,0
PVSP,2018,1,0,0
PVSP,2018,2,0,0
PVSP,2018,3,0,0
PVSP,2018,4,2,0
PVSP,2018,5,3,1
PVSP,2018,6,20,14
PVSP,2018,7,31,28
PVSP,2018,8,26,20
PVSP,2018,9,17,9
PVSP,2018,10,0,0
PVSP,2018,11,0,0
PVSP,2018,12,0,0
PVSP,2019,1,0,0
PVSP,2019,2,0,0
PVSP,2019,3,0,0
PVSP,2019,4,5,1
PVSP,2019,5,1,0
PVSP,2019,6,23,13
PVSP,2019,7,31,22
PVSP,2019,8,28,21
PVSP,2019,9,15,11
PVSP,2019,10,0,0
PVSP,2019,11,0,0
PVSP,2019,12,0,0
PVSP,2020,1,0,0
PVSP,2020,2,0,0
PVSP,2020,3,0,0
PVSP,2020,4,3,0
PVSP,2020,5,10,6
PVSP,2020,6,19,14
PVSP,2020,7,31,30
PVSP,2020,8,31,29
PVSP,2020,9,22,11
PVSP,2020,10,9,3
PVSP,2020,11,0,0
PVSP,2020,12,0,0
PVSP,2021,1,0,0
PVSP,2021,2,0,0
PVSP,2021,3,0,0
PVSP,2021,4,2,0
PVSP,2021,5,11,4
PVSP,2021,6,25,20
PVSP,2021,7,31,31
PVSP,2021,8,29,25
PVSP,2021,9,22,15
PVSP,2021,10,4,0
PVSP,2021,11,0,0
PVSP,2021,12,0,0
PVSP,2022,1,0,0
PVSP,2022,2,0,0
PVSP,2022,3,0,0
PVSP,2022,4,2,0
PVSP,2022,5,8,5
PVSP,2022,6,22,15
PVSP,2022,7,28,25
PVSP,2022,8,31,29
PVSP,2022,9,19,16
PVSP,2022,10,12,3
PVSP,2022,11,0,0
PVSP,2022,12,0,0
PVSP,2023,1,0,0
PVSP,2023,2,0,0
PVSP,2023,3,0,0
PVSP,2023,4,3,1
PVSP,2023,5,10,6
PVSP,2023,6,10,4
PVSP,2023,7,30,26
PVSP,2023,8,28,22
PVSP,2023,9,13,5
PVSP,2023,10,6,2
PVSP,2023,11,0,0
PVSP,2023,12,0,0
PVSP,2024,1,0,0
PVSP,2024,2,0,0
PVSP,2024,3,0,0
PVSP,2024,4,0,0
PVSP,2024,5,11,0
PVSP,2024,6,25,17
PVSP,2024,7,31,29
PVSP,2024,8,28,20
PVSP,2024,9,21,11
PVSP,2024,10,9,8
PVSP,2024,11,0,0
PVSP,2024,12,0,0
PVSP,2025,1,0,0
PVSP,2025,2,0,0
PVSP,2025,3,0,0
PVSP,2025,4,0,0
PVSP,2025,5,6,4
PVSP,2025,6,26,14
PVSP,2025,7,29,21
PVSP,2025,8,31,25
PVSP,2025,9,18,8
PVSP,2025,10,1,0
PVSP,2025,11,0,0
PVSP,2025,12,0,0
RJD,2016,1,0,0
RJD,2016,2,1,0
RJD,2016,3,0,0
RJD,2016,4,0,0
RJD,2016,5,0,0
RJD,2016,6,2,2
RJD,2016,7,3,0
RJD,2016,8,3,0
RJD,2016,9,2,0
RJD,2016,10,2,0
RJD,2016,11,1,0
RJD,2016,12,0,0
RJD,2017,1,0,0
RJD,2017,2,0,0
RJD,2017,3,0,0
RJD,2017,4,0,0
RJD,2017,5,0,0
RJD,2017,6,0,0
RJD,2017,7,0,0
RJD,2017,8,3,0
RJD,2017,9,2,2
RJD,2017,10,8,3
RJD,2017,11,2,0
RJD,2017,12,0,0
RJD,2018,1,0,0
RJD,2018,2,0,0
RJD,2018,3,0,0
RJD,2018,4,0,0
RJD,2018,5,0,0
RJD,2018,6,0,0
RJD,2018,7,3,1
RJD,2018,8,4,0
RJD,2018,9,0,0
RJD,2018,10,0,0
RJD,2018,11,0,0
RJD,2018,12,0,0
RJD,2019,1,0,0
RJD,2019,2,0,0
RJD,2019,3,0,0
RJD,2019,4,0,0
RJD,2019,5,0,0
RJD,2019,6,0,0
RJD,2019,7,0,0
RJD,2019,8,0,0
RJD,2019,9,2,0
RJD,2019,10,2,0
RJD,2019,11,1,0
RJD,2019,12,0,0
RJD,2020,1,0,0
RJD,2020,2,0,0
RJD,2020,3,0,0
RJD,2020,4,0,0
RJD,2020,5,0,0
RJD,2020,6,2,0
RJD,2020,7,0,0
RJD,2020,8,2,0
RJD,2020,9,7,6
RJD,2020,10,9,2
RJD,2020,11,1,0
RJD,2020,12,0,0
RJD,2021,1,0,0
RJD,2021,2,0,0
RJD,2021,3,0,0
RJD,2021,4,0,0
RJD,2021,5,0,0
RJD,2021,6,1,0
RJD,2021,7,0,0
RJD,2021,8,0,0
RJD,2021,9,2,0
RJD,2021,10,2,0
RJD,2021,11,0,0
RJD,2021,12,0,0
RJD,2022,1,0,0
RJD,2022,2,0,0
RJD,2022,3,0,0
RJD,2022,4,2,0
RJD,2022,5,0,0
RJD,2022,6,0,0
RJD,2022,7,0,0
RJD,2022,8,1,0
RJD,2022,9,3,1
RJD,2022,10,1,0
RJD,2022,11,0,0
RJD,2022,12,0,0
RJD,2023,1,0,0
RJD,2023,2,0,0
RJD,2023,3,0,0
RJD,2023,4,0,0
RJD,2023,5,0,0
RJD,2023,6,0,0
RJD,2023,7,0,0
RJD,2023,8,1,0
RJD,2023,9,0,0
RJD,2023,10,0,0
RJD,2023,11,0,0
RJD,2023,12,0,0
RJD,2024,1,0,0
RJD,2024,2,0,0
RJD,2024,3,0,0
RJD,2024,4,0,0
RJD,2024,5,0,0
RJD,2024,6,0,0
RJD,2024,7,0,0
RJD,2024,8,0,0
RJD,2024,9,5,2
RJD,2024,10,0,0
RJD,2024,11,0,0
RJD,2024,12,0,0
RJD,2025,1,0,0
RJD,2025,2,1,0
RJD,2025,3,0,0
RJD,2025,4,0,0
RJD,2025,5,0,0
RJD,2025,6,0,0
RJD,2025,7,0,0
RJD,2025,8,0,0
RJD,2025,9,0,0
RJD,2025,10,1,0
RJD,2025,11,0,0
RJD,2025,12,0,0
SAC,2016,1,0,0
SAC,2016,2,0,0
SAC,2016,3,0,0
SAC,2016,4,0,0
SAC,2016,5,5,1
SAC,2016,6,17,13
SAC,2016,7,22,13
SAC,2016,8,20,9
SAC,2016,9,13,4
SAC,2016,10,0,0
SAC,2016,11,0,0
SAC,2016,12,0,0
SAC,2017,1,0,0
SAC,2017,2,0,0
SAC,2017,3,0,0
SAC,2017,4,0,0
SAC,2017,5,4,2
SAC,2017,6,16,9
SAC,2017,7,31,23
SAC,2017,8,27,15
SAC,2017,9,11,6
SAC,2017,10,0,0
SAC,2017,11,0,0
SAC,2017,12,0,0
SAC,2018,1,0,0
SAC,2018,2,0,0
SAC,2018,3,0,0
SAC,2018,4,0,0
SAC,2018,5,2,1
SAC,2018,6,15,8
SAC,2018,7,29,25
SAC,2018,8,18,12
SAC,2018,9,16,2
SAC,2018,10,0,0
SAC,2018,11,0,0
SAC,2018,12,0,0
SAC,2019,1,0,0
SAC,2019,2,0,0
SAC,2019,3,0,0
SAC,2019,4,0,0
SAC,2019,5,0,0
SAC,2019,6,13,6
SAC,2019,7,24,11
SAC,2019,8,23,17
SAC,2019,9,11,7
SAC,2019,10,0,0
SAC,2019,11,0,0
SAC,2019,12,0,0
SAC,2020,1,0,0
SAC,2020,2,0,0
SAC,2020,3,0,0
SAC,2020,4,0,0
SAC,2020,5,6,4
SAC,2020,6,16,9
SAC,2020,7,26,17
SAC,2020,8,29,16
SAC,2020,9,11,5
SAC,2020,10,8,0
SAC,2020,11,0,0
SAC,2020,12,0,0
SAC,2021,1,0,0
SAC,2021,2,0,0
SAC,2021,3,0,0
SAC,2021,4,0,0
SAC,2021,5,3,1
SAC,2021,6,15,8
SAC,2021,7,26,15
SAC,2021,8,18,10
SAC,2021,9,13,5
SAC,2021,10,0,0
SAC,2021,11,0,0
SAC,2021,12,0,0
SAC,2022,1,0,0
SAC,2022,2,0,0
SAC,2022,3,0,0
SAC,2022,4,0,0
SAC,2022,5,4,1
SAC,2022,6,16,11
SAC,2022,7,23,19
SAC,2022,8,28,16
SAC,2022,9,14,9
SAC,2022,10,5,0
SAC,2022,11,0,0
SAC,2022,12,0,0
SAC,2023,1,0,0
SAC,2023,2,0,0
SAC,2023,3,0,0
SAC,2023,4,0,0
SAC,2023,5,4,0
SAC,2023,6,4,2
SAC,2023,7,25,22
SAC,2023,8,25,13
SAC,2023,9,6,0
SAC,2023,10,4,0
SAC,2023,11,0,0
SAC,2023,12,0,0
SAC,2024,1,0,0
SAC,2024,2,0,0
SAC,2024,3,0,0
SAC,2024,4,0,0
SAC,2024,5,3,0
SAC,2024,6,17,11
SAC,2024,7,27,23
SAC,2024,8,19,12
SAC,2024,9,13,8
SAC,2024,10,8,8
SAC,2024,11,0,0
SAC,2024,12,0,0
SAC,2025,1,0,0
SAC,2025,2,0,0
SAC,2025,3,0,0
SAC,2025,4,0,0
SAC,2025,5,4,2
SAC,2025,6,13,3
SAC,2025,7,18,8
SAC,2025,8,24,15
SAC,2025,9,8,4
SAC,2025,10,0,0
SAC,2025,11,0,0
SAC,2025,12,0,0
SATF,2016,1,0,0
SATF,2016,2,0,0
SATF,2016,3,0,0
SATF,2016,4,3,0
SATF,2016,5,12,5
SATF,2016,6,23,20
SATF,2016,7,30,28
SATF,2016,8,31,27
SATF,2016,9,22,16
SATF,2016,10,1,0
SATF,2016,11,0,0
SATF,2016,12,0,0
SATF,2017,1,0,0
SATF,2017,2,0,0
SATF,2017,3,0,0
SATF,2017,4,0,0
SATF,2017,5,12,7
SATF,2017,6,24,21
SATF,2017,7,31,31
SATF,2017,8,30,27
SATF,2017,9,18,10
SATF,2017,10,0,0
SATF,2017,11,0,0
SATF,2017,12,0,0
SATF,2018,1,0,0
SATF,2018,2,0,0
SATF,2018,3,0,0
SATF,2018,4,4,0
SATF,2018,5,5,1
SATF,2018,6,22,18
SATF,2018,7,31,30
SATF,2018,8,27,21
SATF,2018,9,21,15
SATF,2018,10,0,0
SATF,2018,11,0,0
SATF,2018,12,0,0
SATF,2019,1,0,0
SATF,2019,2,0,0
SATF,2019,3,0,0
SATF,2019,4,3,0
SATF,2019,5,4,0
SATF,2019,6,27,19
SATF,2019,7,31,25
SATF,2019,8,30,21
SATF,2019,9,15,12
SATF,2019,10,0,0
SATF,2019,11,0,0
SATF,2019,12,0,0
SATF,2020,1,0,0
SATF,2020,2,0,0
SATF,2020,3,0,0
SATF,2020,4,2,0
SATF,2020,5,9,6
SATF,2020,6,19,13
SATF,2020,7,31,29
SATF,2020,8,30,27
SATF,2020,9,20,8
SATF,2020,10,7,2
SATF,2020,11,0,0
SATF,2020,12,0,0
SATF,2021,1,0,0
SATF,2021,2,0,0
SATF,2021,3,0,0
SATF,2021,4,2,0
SATF,2021,5,13,4
SATF,2021,6,25,20
SATF,2021,7,31,31
SATF,2021,8,29,23
SATF,2021,9,21,13
SATF,2021,10,2,0
SATF,2021,11,0,0
SATF,2021,12,0,0
SATF,2022,1,0,0
SATF,2022,2,0,0
SATF,2022,3,0,0
SATF,2022,4,2,0
SATF,2022,5,9,3
SATF,2022,6,22,14
SATF,2022,7,28,25
SATF,2022,8,31,28
SATF,2022,9,19,14
SATF,2022,10,12,3
SATF,2022,11,0,0
SATF,2022,12,0,0
SATF,2023,1,0,0
SATF,2023,2,0,0
SATF,2023,3,0,0
SATF,2023,4,3,0
SATF,2023,5,10,6
SATF,2023,6,11,4
SATF,2023,7,30,26
SATF,2023,8,27,21
SATF,2023,9,12,4
SATF,2023,10,5,2
SATF,2023,11,0,0
SATF,2023,12,0,0
SATF,2024,1,0,0
SATF,2024,2,0,0
SATF,2024,3,0,0
SATF,2024,4,0,0
SATF,2024,5,11,1
SATF,2024,6,27,18
SATF,2024,7,31,30
SATF,2024,8,28,21
SATF,2024,9,20,11
SATF,2024,10,9,7
SATF,2024,11,0,0
SATF,2024,12,0,0
SATF,2025,1,0,0
SATF,2025,2,0,0
SATF,2025,3,0,0
SATF,2025,4,0,0
SATF,2025,5,9,4
SATF,2025,6,26,17
SATF,2025,7,28,21
SATF,2025,8,31,27
SATF,2025,9,16,8
SATF,2025,10,1,0
SATF,2025,11,0,0
SATF,2025,12,0,0
SCC,2016,1,0,0
SCC,2016,2,0,0
SCC,2016,3,0,0
SCC,2016,4,0,0
SCC,2016,5,4,1
SCC,2016,6,20,16
SCC,2016,7,23,17
SCC,2016,8,27,12
SCC,2016,9,13,3
SCC,2016,10,1,0
SCC,2016,11,0,0
SCC,2016,12,0,0
SCC,2017,1,0,0
SCC,2017,2,0,0
SCC,2017,3,0,0
SCC,2017,4,0,0
SCC,2017,5,6,2
SCC,2017,6,19,11
SCC,2017,7,31,26
SCC,2017,8,27,17
SCC,2017,9,11,5
SCC,2017,10,0,0
SCC,2017,11,0,0
SCC,2017,12,0,0
SCC,2018,1,0,0
SCC,2018,2,0,0
SCC,2018,3,0,0
SCC,2018,4,0,0
SCC,2018,5,2,0
SCC,2018,6,16,6
SCC,2018,7,29,26
SCC,2018,8,20,13
SCC,2018,9,16,3
SCC,2018,10,0,0
SCC,2018,11,0,0
SCC,2018,12,0,0
SCC,2019,1,0,0
SCC,2019,2,0,0
SCC,2019,3,0,0
SCC,2019,4,0,0
SCC,2019,5,0,0
SCC,2019,6,14,6
SCC,2019,7,25,11
SCC,2019,8,26,16
SCC,2019,9,12,7
SCC,2019,10,0,0
SCC,2019,11,0,0
SCC,2019,12,0,0
SCC,2020,1,0,0
SCC,2020,2,0,0
SCC,2020,3,0,0
SCC,2020,4,0,0
SCC,2020,5,7,3
SCC,2020,6,16,11
SCC,2020,7,29,15
SCC,2020,8,28,17
SCC,2020,9,15,7
SCC,2020,10,8,0
SCC,2020,11,0,0
SCC,2020,12,0,0
SCC,2021,1,0,0
SCC,2021,2,0,0
SCC,2021,3,0,0
SCC,2021,4,0,0
SCC,2021,5,6,1
SCC,2021,6,20,15
SCC,2021,7,31,26
SCC,2021,8,24,18
SCC,2021,9,18,10
SCC,2021,10,0,0
SCC,2021,11,0,0
SCC,2021,12,0,0
SCC,2022,1,0,0
SCC,2022,2,0,0
SCC,2022,3,0,0
SCC,2022,4,1,0
SCC,2022,5,4,1
SCC,2022,6,16,10
SCC,2022,7,24,18
SCC,2022,8,29,18
SCC,2022,9,17,10
SCC,2022,10,7,0
SCC,2022,11,0,0
SCC,2022,12,0,0
SCC,2023,1,0,0
SCC,2023,2,0,0
SCC,2023,3,0,0
SCC,2023,4,0,0
SCC,2023,5,6,0
SCC,2023,6,4,1
SCC,2023,7,26,21
SCC,2023,8,23,8
SCC,2023,9,6,0
SCC,2023,10,4,0
SCC,2023,11,0,0
SCC,2023,12,0,0
SCC,2024,1,0,0
SCC,2024,2,0,0
SCC,2024,3,0,0
SCC,2024,4,0,0
SCC,2024,5,0,0
SCC,2024,6,16,10
SCC,2024,7,27,24
SCC,2024,8,19,14
SCC,2024,9,14,8
SCC,2024,10,8,7
SCC,2024,11,0,0
SCC,2024,12,0,0
SCC,2025,1,0,0
SCC,2025,2,0,0
SCC,2025,3,0,0
SCC,2025,4,0,0
SCC,2025,5,4,2
SCC,2025,6,14,4
SCC,2025,7,17,6
SCC,2025,8,26,13
SCC,2025,9,9,5
SCC,2025,10,0,0
SCC,2025,11,0,0
SCC,2025,12,0,0
SOL,2016,1,0,0
SOL,2016,2,0,0
SOL,2016,3,0,0
SOL,2016,4,0,0
SOL,2016,5,5,2
SOL,2016,6,18,10
SOL,2016,7,18,12
SOL,2016,8,18,6
SOL,2016,9,12,6
SOL,2016,10,0,0
SOL,2016,11,0,0
SOL,2016,12,0,0
SOL,2017,1,0,0
SOL,2017,2,0,0
SOL,2017,3,0,0
SOL,2017,4,0,0
SOL,2017,5,8,2
SOL,2017,6,14,8
SOL,2017,7,25,15
SOL,2017,8,20,10
SOL,2017,9,13,5
SOL,2017,10,0,0
SOL,2017,11,0,0
SOL,2017,12,0,0
SOL,2018,1,0,0
SOL,2018,2,0,0
SOL,2018,3,0,0
SOL,2018,4,0,0
SOL,2018,5,2,2
SOL,2018,6,12,8
SOL,2018,7,28,20
SOL,2018,8,16,10
SOL,2018,9,13,2
SOL,2018,10,0,0
SOL,2018,11,0,0
SOL,2018,12,0,0
SOL,2019,1,0,0
SOL,2019,2,0,0
SOL,2019,3,0,0
SOL,2019,4,2,0
SOL,2019,5,0,0
SOL,2019,6,13,8
SOL,2019,7,20,9
SOL,2019,8,21,18
SOL,2019,9,11,7
SOL,2019,10,1,0
SOL,2019,11,0,0
SOL,2019,12,0,0
SOL,2020,1,0,0
SOL,2020,2,0,0
SOL,2020,3,0,0
SOL,2020,4,2,0
SOL,2020,5,7,5
SOL,2020,6,18,12
SOL,2020,7,26,14
SOL,2020,8,26,14
SOL,2020,9,16,9
SOL,2020,10,14,3
SOL,2020,11,0,0
SOL,2020,12,0,0
SOL,2021,1,0,0
SOL,2021,2,0,0
SOL,2021,3,0,0
SOL,2021,4,1,0
SOL,2021,5,8,2
SOL,2021,6,17,10
SOL,2021,7,26,16
SOL,2021,8,20,17
SOL,2021,9,16,12
SOL,2021,10,4,0
SOL,2021,11,0,0
SOL,2021,12,0,0
SOL,2022,1,0,0
SOL,2022,2,0,0
SOL,2022,3,0,0
SOL,2022,4,0,0
SOL,2022,5,6,3
SOL,2022,6,17,11
SOL,2022,7,21,14
SOL,2022,8,22,14
SOL,2022,9,15,9
SOL,2022,10,7,2
SOL,2022,11,0,0
SOL,2022,12,0,0
SOL,2023,1,0,0
SOL,2023,2,0,0
SOL,2023,3,0,0
SOL,2023,4,1,0
SOL,2023,5,4,1
SOL,2023,6,3,2
SOL,2023,7,24,16
SOL,2023,8,20,13
SOL,2023,9,7,0
SOL,2023,10,6,1
SOL,2023,11,0,0
SOL,2023,12,0,0
SOL,2024,1,0,0
SOL,2024,2,0,0
SOL,2024,3,0,0
SOL,2024,4,0,0
SOL,2024,5,4,0
SOL,2024,6,15,8
SOL,2024,7,25,20
SOL,2024,8,20,9
SOL,2024,9,13,7
SOL,2024,10,8,8
SOL,2024,11,0,0
SOL,2024,12,0,0
SOL,2025,1,0,0
SOL,2025,2,0,0
SOL,2025,3,0,0
SOL,2025,4,0,0
SOL,2025,5,5,2
SOL,2025,6,7,2
SOL,2025,7,11,4
SOL,2025,8,22,12
SOL,2025,9,8,4
SOL,2025,10,1,0
SOL,2025,11,0,0
SOL,2025,12,0,0
SQ,2016,1,0,0
SQ,2016,2,0,0
SQ,2016,3,0,0
SQ,2016,4,0,0
SQ,2016,5,0,0
SQ,2016,6,0,0
SQ,2016,7,0,0
SQ,2016,8,0,0
SQ,2016,9,2,0
SQ,2016,10,0,0
SQ,2016,11,0,0
SQ,2016,12,0,0
SQ,2017,1,0,0
SQ,2017,2,0,0
SQ,2017,3,0,0
SQ,2017,4,0,0
SQ,2017,5,0,0
SQ,2017,6,0,0
SQ,2017,7,0,0
SQ,2017,8,0,0
SQ,2017,9,3,2
SQ,2017,10,0,0
SQ,2017,11,0,0
SQ,2017,12,0,0
SQ,2018,1,0,0
SQ,2018,2,0,0
SQ,2018,3,0,0
SQ,2018,4,0,0
SQ,2018,5,0,0
SQ,2018,6,0,0
SQ,2018,7,0,0
SQ,2018,8,0,0
SQ,2018,9,0,0
SQ,2018,10,0,0
SQ,2018,11,0,0
SQ,2018,12,0,0
SQ,2019,1,0,0
SQ,2019,2,0,0
SQ,2019,3,0,0
SQ,2019,4,0,0
SQ,2019,5,0,0
SQ,2019,6,3,2
SQ,2019,7,0,0
SQ,2019,8,1,0
SQ,2019,9,4,3
SQ,2019,10,1,0
SQ,2019,11,0,0
SQ,2019,12,0,0
SQ,2020,1,0,0
SQ,2020,2,0,0
SQ,2020,3,0,0
SQ,2020,4,0,0
SQ,2020,5,0,0
SQ,2020,6,1,0
SQ,2020,7,0,0
SQ,2020,8,4,1
SQ,2020,9,5,3
SQ,2020,10,3,2
SQ,2020,11,0,0
SQ,2020,12,0,0
SQ,2021,1,0,0
SQ,2021,2,0,0
SQ,2021,3,0,0
SQ,2021,4,0,0
SQ,2021,5,0,0
SQ,2021,6,0,0
SQ,2021,7,0,0
SQ,2021,8,0,0
SQ,2021,9,1,0
SQ,2021,10,3,0
SQ,2021,11,0,0
SQ,2021,12,0,0
SQ,2022,1,0,0
SQ,2022,2,0,0
SQ,2022,3,0,0
SQ,2022,4,0,0
SQ,2022,5,0,0
SQ,2022,6,3,1
SQ,2022,7,0,0
SQ,2022,8,0,0
SQ,2022,9,2,2
SQ,2022,10,0,0
SQ,2022,11,0,0
SQ,2022,12,0,0
SQ,2023,1,0,0
SQ,2023,2,0,0
SQ,2023,3,0,0
SQ,2023,4,0,0
SQ,2023,5,0,0
SQ,2023,6,0,0
SQ,2023,7,0,0
SQ,2023,8,2,0
SQ,2023,9,0,0
SQ,2023,10,5,2
SQ,2023,11,0,0
SQ,2023,12,0,0
SQ,2024,1,0,0
SQ,2024,2,0,0
SQ,2024,3,0,0
SQ,2024,4,0,0
SQ,2024,5,0,0
SQ,2024,6,0,0
SQ,2024,7,0,0
SQ,2024,8,0,0
SQ,2024,9,0,0
SQ,2024,10,5,3
SQ,2024,11,0,0
SQ,2024,12,0,0
SQ,2025,1,0,0
SQ,2025,2,0,0
SQ,2025,3,0,0
SQ,2025,4,0,0
SQ,2025,5,0,0
SQ,2025,6,0,0
SQ,2025,7,0,0
SQ,2025,8,0,0
SQ,2025,9,1,0
SQ,2025,10,0,0
SQ,2025,11,0,0
SQ,2025,12,0,0
SVSP,2016,1,0,0
SVSP,2016,2,0,0
SVSP,2016,3,0,0
SVSP,2016,4,1,0
SVSP,2016,5,0,0
SVSP,2016,6,1,0
SVSP,2016,7,0,0
SVSP,2016,8,0,0
SVSP,2016,9,5,1
SVSP,2016,10,1,0
SVSP,2016,11,0,0
SVSP,2016,12,0,0
SVSP,2017,1,0,0
SVSP,2017,2,0,0
SVSP,2017,3,0,0
SVSP,2017,4,0,0
SVSP,2017,5,3,0
SVSP,2017,6,4,0
SVSP,2017,7,3,0
SVSP,2017,8,2,0
SVSP,2017,9,6,2
SVSP,2017,10,7,2
SVSP,2017,11,0,0
SVSP,2017,12,0,0
SVSP,2018,1,0,0
SVSP,2018,2,0,0
SVSP,2018,3,0,0
SVSP,2018,4,0,0
SVSP,2018,5,0,0
SVSP,2018,6,2,0
SVSP,2018,7,2,0
SVSP,2018,8,2,1
SVSP,2018,9,1,0
SVSP,2018,10,0,0
SVSP,2018,11,0,0
SVSP,2018,12,0,0
SVSP,2019,1,0,0
SVSP,2019,2,0,0
SVSP,2019,3,0,0
SVSP,2019,4,0,0
SVSP,2019,5,0,0
SVSP,2019,6,3,3
SVSP,2019,7,1,0
SVSP,2019,8,2,1
SVSP,2019,9,6,3
SVSP,2019,10,4,0
SVSP,2019,11,0,0
SVSP,2019,12,0,0
SVSP,2020,1,0,0
SVSP,2020,2,0,0
SVSP,2020,3,0,0
SVSP,2020,4,0,0
SVSP,2020,5,3,0
SVSP,2020,6,1,0
SVSP,2020,7,0,0
SVSP,2020,8,3,3
SVSP,2020,9,6,3
SVSP,2020,10,11,4
SVSP,2020,11,0,0
SVSP,2020,12,0,0
SVSP,2021,1,0,0
SVSP,2021,2,0,0
SVSP,2021,3,0,0
SVSP,2021,4,0,0
SVSP,2021,5,0,0
SVSP,2021,6,2,0
SVSP,2021,7,0,0
SVSP,2021,8,1,0
SVSP,2021,9,2,0
SVSP,2021,10,4,3
SVSP,2021,11,0,0
SVSP,2021,12,0,0
SVSP,2022,1,0,0
SVSP,2022,2,0,0
SVSP,2022,3,0,0
SVSP,2022,4,2,1
SVSP,2022,5,1,0
SVSP,2022,6,3,2
SVSP,2022,7,0,0
SVSP,2022,8,0,0
SVSP,2022,9,8,5
SVSP,2022,10,3,1
SVSP,2022,11,0,0
SVSP,2022,12,0,0
SVSP,2023,1,0,0
SVSP,2023,2,0,0
SVSP,2023,3,0,0
SVSP,2023,4,0,0
SVSP,2023,5,0,0
SVSP,2023,6,0,0
SVSP,2023,7,0,0
SVSP,2023,8,2,0
SVSP,2023,9,0,0
SVSP,2023,10,6,3
SVSP,2023,11,0,0
SVSP,2023,12,0,0
SVSP,2024,1,0,0
SVSP,2024,2,0,0
SVSP,2024,3,0,0
SVSP,2024,4,0,0
SVSP,2024,5,0,0
SVSP,2024,6,0,0
SVSP,2024,7,0,0
SVSP,2024,8,0,0
SVSP,2024,9,5,0
SVSP,2024,10,6,4
SVSP,2024,11,0,0
SVSP,2024,12,0,0
SVSP,2025,1,0,0
SVSP,2025,2,0,0
SVSP,2025,3,0,0
SVSP,2025,4,0,0
SVSP,2025,5,0,0
SVSP,2025,6,0,0
SVSP,2025,7,0,0
SVSP,2025,8,1,0
SVSP,2025,9,1,0
SVSP,2025,10,0,0
SVSP,2025,11,1,0
SVSP,2025,12,0,0
VSP,2016,1,0,0
VSP,2016,2,0,0
VSP,2016,3,0,0
VSP,2016,4,0,0
VSP,2016,5,7,2
VSP,2016,6,22,17
VSP,2016,7,29,21
VSP,2016,8,29,20
VSP,2016,9,17,7
VSP,2016,10,1,0
VSP,2016,11,0,0
VSP,2016,12,0,0
VSP,2017,1,0,0
VSP,2017,2,0,0
VSP,2017,3,0,0
VSP,2017,4,0,0
VSP,2017,5,6,4
VSP,2017,6,23,15
VSP,2017,7,31,30
VSP,2017,8,28,24
VSP,2017,9,14,7
VSP,2017,10,0,0
VSP,2017,11,0,0
VSP,2017,12,0,0
VSP,2018,1,0,0
VSP,2018,2,0,0
VSP,2018,3,0,0
VSP,2018,4,0,0
VSP,2018,5,2,1
VSP,2018,6,19,13
VSP,2018,7,31,28
VSP,2018,8,26,19
VSP,2018,9,20,15
VSP,2018,10,0,0
VSP,2018,11,0,0
VSP,2018,12,0,0
VSP,2019,1,0,0
VSP,2019,2,0,0
VSP,2019,3,0,0
VSP,2019,4,5,1
VSP,2019,5,0,0
VSP,2019,6,23,13
VSP,2019,7,28,19
VSP,2019,8,29,21
VSP,2019,9,14,9
VSP,2019,10,1,0
VSP,2019,11,0,0
VSP,2019,12,0,0
VSP,2020,1,0,0
VSP,2020,2,0,0
VSP,2020,3,0,0
VSP,2020,4,1,0
VSP,2020,5,7,5
VSP,2020,6,17,14
VSP,2020,7,31,25
VSP,2020,8,30,22
VSP,2020,9,17,5
VSP,2020,10,6,2
VSP,2020,11,0,0
VSP,2020,12,0,0
VSP,2021,1,0,0
VSP,2021,2,0,0
VSP,2021,3,0,0
VSP,2021,4,1,0
VSP,2021,5,8,2
VSP,2021,6,21,14
VSP,2021,7,31,28
VSP,2021,8,26,22
VSP,2021,9,19,12
VSP,2021,10,2,0
VSP,2021,11,0,0
VSP,2021,12,0,0
VSP,2022,1,0,0
VSP,2022,2,0,0
VSP,2022,3,0,0
VSP,2022,4,2,0
VSP,2022,5,7,2
VSP,2022,6,21,12
VSP,2022,7,25,22
VSP,2022,8,30,23
VSP,2022,9,18,12
VSP,2022,10,8,0
VSP,2022,11,0,0
VSP,2022,12,0,0
VSP,2023,1,0,0
VSP,2023,2,0,0
VSP,2023,3,0,0
VSP,2023,4,3,0
VSP,2023,5,7,0
VSP,2023,6,5,1
VSP,2023,7,27,25
VSP,2023,8,28,19
VSP,2023,9,11,1
VSP,2023,10,5,2
VSP,2023,11,0,0
VSP,2023,12,0,0
VSP,2024,1,0,0
VSP,2024,2,0,0
VSP,2024,3,0,0
VSP,2024,4,0,0
VSP,2024,5,4,0
VSP,2024,6,19,12
VSP,2024,7,30,25
VSP,2024,8,26,17
VSP,2024,9,19,9
VSP,2024,10,9,8
VSP,2024,11,0,0
VSP,2024,12,0,0
VSP,2025,1,0,0
VSP,2025,2,0,0
VSP,2025,3,0,0
VSP,2025,4,0,0
VSP,2025,5,5,4
VSP,2025,6,24,9
VSP,2025,7,22,11
VSP,2025,8,27,21
VSP,2025,9,13,7
VSP,2025,10,1,0
VSP,2025,11,0,0
VSP,2025,12,0,0
WSP,2016,1,0,0
WSP,2016,2,0,0
WSP,2016,3,0,0
WSP,2016,4,4,2
WSP,2016,5,14,7
WSP,2016,6,26,21
WSP,2016,7,31,30
WSP,2016,8,31,30
WSP,2016,9,22,13
WSP,2016,10,2,0
WSP,2016,11,0,0
WSP,2016,12,0,0
WSP,2017,1,0,0
WSP,2017,2,0,0
WSP,2017,3,0,0
WSP,2017,4,0,0
WSP,2017,5,11,5
WSP,2017,6,23,20
WSP,2017,7,31,31
WSP,2017,8,30,28
WSP,2017,9,15,9
WSP,2017,10,4,0
WSP,2017,11,0,0
WSP,2017,12,0,0
WSP,2018,1,0,0
WSP,2018,2,0,0
WSP,2018,3,0,0
WSP,2018,4,5,0
WSP,2018,5,4,1
WSP,2018,6,24,19
WSP,2018,7,31,29
WSP,2018,8,30,25
WSP,2018,9,21,16
WSP,2018,10,0,0
WSP,2018,11,0,0
WSP,2018,12,0,0
WSP,2019,1,0,0
WSP,2019,2,0,0
WSP,2019,3,0,0
WSP,2019,4,4,2
WSP,2019,5,0,0
WSP,2019,6,26,16
WSP,2019,7,31,23
WSP,2019,8,31,24
WSP,2019,9,15,12
WSP,2019,10,1,0
WSP,2019,11,0,0
WSP,2019,12,0,0
WSP,2020,1,0,0
WSP,2020,2,0,0
WSP,2020,3,0,0
WSP,2020,4,2,0
WSP,2020,5,9,7
WSP,2020,6,20,15
WSP,2020,7,31,29
WSP,2020,8,30,28
WSP,2020,9,20,10
WSP,2020,10,9,3
WSP,2020,11,0,0
WSP,2020,12,0,0
WSP,2021,1,0,0
WSP,2021,2,0,0
WSP,2021,3,0,0
WSP,2021,4,2,0
WSP,2021,5,11,4
WSP,2021,6,24,21
WSP,2021,7,31,30
WSP,2021,8,29,25
WSP,2021,9,21,15
WSP,2021,10,4,0
WSP,2021,11,0,0
WSP,2021,12,0,0
WSP,2022,1,0,0
WSP,2022,2,0,0
WSP,2022,3,0,0
WSP,2022,4,2,0
WSP,2022,5,9,3
WSP,2022,6,23,14
WSP,2022,7,29,26
WSP,2022,8,31,30
WSP,2022,9,19,14
WSP,2022,10,9,1
WSP,2022,11,0,0
WSP,2022,12,0,0
WSP,2023,1,0,0
WSP,2023,2,0,0
WSP,2023,3,0,0
WSP,2023,4,4,0
WSP,2023,5,10,5
WSP,2023,6,11,4
WSP,2023,7,31,29
WSP,2023,8,28,25
WSP,2023,9,17,10
WSP,2023,10,7,2
WSP,2023,11,0,0
WSP,2023,12,0,0
WSP,2024,1,0,0
WSP,2024,2,0,0
WSP,2024,3,0,0
WSP,2024,4,1,0
WSP,2024,5,12,0
WSP,2024,6,27,20
WSP,2024,7,31,28
WSP,2024,8,28,20
WSP,2024,9,21,14
WSP,2024,10,11,9
WSP,2024,11,0,0
WSP,2024,12,0,0
WSP,2025,1,0,0
WSP,2025,2,0,0
WSP,2025,3,0,0
WSP,2025,4,3,0
WSP,2025,5,11,3
WSP,2025,6,28,17
WSP,2025,7,31,22
WSP,2025,8,31,27
WSP,2025,9,18,9
WSP,2025,10,2,0
WSP,2025,11,0,0
WSP,2025,12,0,0
