cdcr_code,year,avg_summer_tmax_f
ASP,1990,93.63
ASP,1991,92.57
ASP,1992,93.04
ASP,1993,91.87
ASP,1994,95.64
ASP,1995,92.65
ASP,1996,96.61
ASP,1997,92.18
ASP,1998,92.81
ASP,1999,91.84
ASP,2000,94.08
ASP,2001,95.13
ASP,2002,94.85
ASP,2003,94.55
ASP,2004,93.73
ASP,2005,94.2
ASP,2006,95.29
ASP,2007,94.28
ASP,2008,95.87
ASP,2009,95.06
ASP,2010,93.73
ASP,2011,91.59
ASP,2012,95.29
ASP,2013,96.08
ASP,2014,96.84
ASP,2015,95.7
ASP,2016,97.98
ASP,2017,98.21
ASP,2018,96.51
ASP,2019,96.13
ASP,2020,96.34
ASP,2021,99.45
ASP,2022,97.81
ASP,2023,94.73
ASP,2024,99.01
ASP,2025,96.89
CAC,1990,96.91
CAC,1991,95.21
CAC,1992,95.1
CAC,1993,94.27
CAC,1994,100.05
CAC,1995,96.1
CAC,1996,99.86
CAC,1997,96.22
CAC,1998,96.47
CAC,1999,95.05
CAC,2000,97.34
CAC,2001,97.52
CAC,2002,99.03
CAC,2003,98.54
CAC,2004,97.3
CAC,2005,96.95
CAC,2006,99.3
CAC,2007,99.34
CAC,2008,99.03
CAC,2009,96.84
CAC,2010,97.94
CAC,2011,96.31
CAC,2012,98.51
CAC,2013,98.3
CAC,2014,97.78
CAC,2015,97.64
CAL,1990,105.59
CAL,1991,103.63
CAL,1992,104.37
CAL,1993,104.3
CAL,1994,108.16
CAL,1995,106.5
CAL,1996,107.49
CAL,1997,104.86
CAL,1998,105.47
CAL,1999,104.18
CAL,2000,106.08
CAL,2001,106.38
CAL,2002,107.43
CAL,2003,106.05
CAL,2004,105.74
CAL,2005,106.03
CAL,2006,107.96
CAL,2007,106.99
CAL,2008,106.52
CAL,2009,105.65
CAL,2010,106.52
CAL,2011,106.63
CAL,2012,106.72
CAL,2013,106.46
CAL,2014,105.75
CAL,2015,105.69
CAL,2016,107.67
CAL,2017,107.4
CAL,2018,106.41
CAL,2019,106.77
CAL,2020,107.29
CAL,2021,106.61
CAL,2022,106.06
CAL,2023,104.9
CAL,2024,109.1
CAL,2025,105.62
CCI,1990,82.69
CCI,1991,81.43
CCI,1992,81.98
CCI,1993,80.64
CCI,1994,85.7
CCI,1995,82.44
CCI,1996,85.75
CCI,1997,82.41
CCI,1998,83.01
CCI,1999,82.01
CCI,2000,84.63
CCI,2001,85.08
CCI,2002,85.96
CCI,2003,85.55
CCI,2004,83.9
CCI,2005,83.7
CCI,2006,85.87
CCI,2007,85.08
CCI,2008,85.0
CCI,2009,83.25
CCI,2010,82.3
CCI,2011,82.07
CCI,2012,85.6
CCI,2013,85.85
CCI,2014,83.74
CCI,2015,83.46
CCI,2016,86.12
CCI,2017,86.67
CCI,2018,86.65
CCI,2019,84.02
CCI,2020,84.49
CCI,2021,85.3
CCI,2022,83.05
CCI,2023,79.42
CCI,2024,84.28
CCI,2025,81.82
CCWF,1990,93.55
CCWF,1991,91.93
CCWF,1992,92.98
CCWF,1993,91.5
CCWF,1994,95.15
CCWF,1995,91.97
CCWF,1996,96.19
CCWF,1997,92.47
CCWF,1998,92.28
CCWF,1999,90.9
CCWF,2000,93.41
CCWF,2001,93.91
CCWF,2002,93.87
CCWF,2003,94.65
CCWF,2004,93.48
CCWF,2005,93.98
CCWF,2006,95.59
CCWF,2007,94.23
CCWF,2008,94.89
CCWF,2009,93.62
CCWF,2010,90.99
CCWF,2011,90.46
CCWF,2012,95.48
CCWF,2013,96.15
CCWF,2014,94.75
CCWF,2015,94.61
CCWF,2016,96.47
CCWF,2017,96.99
CCWF,2018,96.34
CCWF,2019,95.92
CCWF,2020,96.16
CCWF,2021,96.71
CCWF,2022,95.53
CCWF,2023,93.08
CCWF,2024,96.37
CCWF,2025,94.3
CEN,1990,104.68
CEN,1991,102.62
CEN,1992,103.43
CEN,1993,103.28
CEN,1994,107.03
CEN,1995,105.4
CEN,1996,106.34
CEN,1997,103.72
CEN,1998,104.48
CEN,1999,103.19
CEN,2000,105.0
CEN,2001,105.29
CEN,2002,106.32
CEN,2003,105.14
CEN,2004,104.81
CEN,2005,105.02
CEN,2006,106.94
CEN,2007,106.06
CEN,2008,105.68
CEN,2009,104.66
CEN,2010,105.26
CEN,2011,105.44
CEN,2012,105.71
CEN,2013,105.49
CEN,2014,105.12
CEN,2015,104.99
CEN,2016,108.22
CEN,2017,107.34
CEN,2018,107.23
CEN,2019,106.92
CEN,2020,107.88
CEN,2021,107.52
CEN,2022,106.95
CEN,2023,106.59
CEN,2024,110.05
CEN,2025,106.88
CHCF,1990,92.24
CHCF,1991,89.35
CHCF,1992,91.12
CHCF,1993,91.12
CHCF,1994,92.85
CHCF,1995,90.28
CHCF,1996,95.1
CHCF,1997,90.41
CHCF,1998,90.5
CHCF,1999,89.09
CHCF,2000,91.47
CHCF,2001,92.18
CHCF,2002,92.39
CHCF,2003,92.9
CHCF,2004,91.56
CHCF,2005,93.5
CHCF,2006,95.05
CHCF,2007,93.38
CHCF,2008,93.44
CHCF,2009,91.0
CHCF,2010,90.3
CHCF,2011,88.68
CHCF,2012,93.71
CHCF,2013,94.7
CHCF,2014,92.67
CHCF,2015,92.94
CHCF,2016,94.05
CHCF,2017,95.9
CHCF,2018,94.24
CHCF,2019,94.56
CHCF,2020,95.46
CHCF,2021,93.37
CHCF,2022,93.49
CHCF,2023,91.78
CHCF,2024,95.41
CHCF,2025,92.34
CIM,1990,91.28
CIM,1991,85.49
CIM,1992,88.06
CIM,1993,86.45
CIM,1994,90.73
CIM,1995,89.11
CIM,1996,91.05
CIM,1997,87.27
CIM,1998,88.86
CIM,1999,87.02
CIM,2000,89.2
CIM,2001,88.43
CIM,2002,88.28
CIM,2003,89.22
CIM,2004,88.22
CIM,2005,88.48
CIM,2006,92.95
CIM,2007,90.56
CIM,2008,90.56
CIM,2009,89.57
CIM,2010,87.32
CIM,2011,88.68
CIM,2012,91.79
CIM,2013,91.94
CIM,2014,90.32
CIM,2015,90.36
CIM,2016,93.44
CIM,2017,93.2
CIM,2018,92.67
CIM,2019,88.72
CIM,2020,92.36
CIM,2021,90.74
CIM,2022,92.14
CIM,2023,87.71
CIM,2024,91.53
CIM,2025,89.93
CIW,1990,92.43
CIW,1991,86.75
CIW,1992,89.57
CIW,1993,87.73
CIW,1994,91.87
CIW,1995,90.26
CIW,1996,92.11
CIW,1997,88.55
CIW,1998,89.96
CIW,1999,87.99
CIW,2000,90.24
CIW,2001,89.37
CIW,2002,89.23
CIW,2003,90.09
CIW,2004,89.24
CIW,2005,89.34
CIW,2006,93.91
CIW,2007,90.61
CIW,2008,90.78
CIW,2009,89.15
CIW,2010,87.77
CIW,2011,89.52
CIW,2012,92.59
CIW,2013,92.75
CIW,2014,90.92
CIW,2015,91.38
CIW,2016,94.41
CIW,2017,94.3
CIW,2018,94.31
CIW,2019,90.26
CIW,2020,93.09
CIW,2021,90.89
CIW,2022,92.59
CIW,2023,88.29
CIW,2024,91.57
CIW,2025,89.71
CMC,1990,78.73
CMC,1991,75.32
CMC,1992,78.77
CMC,1993,79.28
CMC,1994,78.14
CMC,1995,79.43
CMC,1996,81.45
CMC,1997,80.27
CMC,1998,78.5
CMC,1999,75.58
CMC,2000,77.77
CMC,2001,78.15
CMC,2002,77.59
CMC,2003,80.71
CMC,2004,78.96
CMC,2005,75.74
CMC,2006,78.52
CMC,2007,76.56
CMC,2008,78.17
CMC,2009,76.53
CMC,2010,74.4
CMC,2011,76.59
CMC,2012,77.17
CMC,2013,78.06
CMC,2014,79.38
CMC,2015,79.25
CMC,2016,79.49
CMC,2017,81.74
CMC,2018,81.32
CMC,2019,77.49
CMC,2020,78.92
CMC,2021,79.37
CMC,2022,80.0
CMC,2023,76.84
CMC,2024,78.02
CMC,2025,74.96
CMF,1990,90.34
CMF,1991,87.67
CMF,1992,90.36
CMF,1993,90.04
CMF,1994,90.61
CMF,1995,89.25
CMF,1996,93.25
CMF,1997,89.48
CMF,1998,89.09
CMF,1999,88.71
CMF,2000,89.22
CMF,2001,90.19
CMF,2002,90.75
CMF,2003,91.15
CMF,2004,89.84
CMF,2005,89.96
CMF,2006,91.67
CMF,2007,90.59
CMF,2008,91.66
CMF,2009,89.46
CMF,2010,88.81
CMF,2011,86.51
CMF,2012,91.12
CMF,2013,92.61
CMF,2014,91.04
CMF,2015,92.02
CMF,2016,91.57
CMF,2017,92.89
CMF,2018,91.43
CMF,2019,92.04
CMF,2020,93.37
CMF,2021,93.44
CMF,2022,92.44
CMF,2023,90.23
CMF,2024,92.88
CMF,2025,89.03
COR,1990,94.81
COR,1991,93.75
COR,1992,94.38
COR,1993,92.72
COR,1994,96.45
COR,1995,94.48
COR,1996,97.84
COR,1997,93.98
COR,1998,95.02
COR,1999,93.84
COR,2000,96.08
COR,2001,97.07
COR,2002,97.12
COR,2003,96.81
COR,2004,95.94
COR,2005,96.4
COR,2006,97.87
COR,2007,96.94
COR,2008,98.22
COR,2009,96.24
COR,2010,95.53
COR,2011,93.36
COR,2012,97.14
COR,2013,97.85
COR,2014,98.69
COR,2015,97.18
COR,2016,99.04
COR,2017,100.0
COR,2018,97.99
COR,2019,97.7
COR,2020,97.28
COR,2021,100.2
COR,2022,97.97
COR,2023,95.32
COR,2024,99.19
COR,2025,97.18
CRC,1990,92.47
CRC,1991,87.09
CRC,1992,89.55
CRC,1993,87.6
CRC,1994,91.97
CRC,1995,90.44
CRC,1996,92.28
CRC,1997,88.59
CRC,1998,90.1
CRC,1999,88.12
CRC,2000,90.35
CRC,2001,89.53
CRC,2002,89.24
CRC,2003,90.1
CRC,2004,89.08
CRC,2005,89.31
CRC,2006,93.66
CRC,2007,90.86
CRC,2008,90.87
CRC,2009,88.81
CRC,2010,87.86
CRC,2011,89.49
CRC,2012,92.69
CRC,2013,92.8
CRC,2014,90.99
CRC,2015,90.88
CRC,2016,93.33
CRC,2017,93.26
CRC,2018,93.22
CRC,2019,90.21
CRC,2020,91.46
CRC,2021,90.13
CRC,2022,91.04
CRC,2023,87.16
CRC,2024,90.89
CRC,2025,88.84
CTF,1990,76.51
CTF,1991,73.53
CTF,1992,76.36
CTF,1993,76.95
CTF,1994,76.28
CTF,1995,76.87
CTF,1996,78.71
CTF,1997,76.66
CTF,1998,75.78
CTF,1999,74.12
CTF,2000,75.78
CTF,2001,76.69
CTF,2002,76.57
CTF,2003,78.21
CTF,2004,76.65
CTF,2005,76.25
CTF,2006,78.31
CTF,2007,76.88
CTF,2008,77.77
CTF,2009,76.57
CTF,2010,74.08
CTF,2011,74.28
CTF,2012,77.81
CTF,2013,79.03
CTF,2014,77.37
CTF,2015,77.48
CTF,2016,75.93
CTF,2017,79.64
CTF,2018,79.96
CTF,2019,79.77
CTF,2020,78.83
CTF,2021,76.75
CTF,2022,79.82
CTF,2023,77.48
CTF,2024,76.06
CTF,2025,73.72
CVSP,1990,105.64
CVSP,1991,104.09
CVSP,1992,104.9
CVSP,1993,105.16
CVSP,1994,108.93
CVSP,1995,107.17
CVSP,1996,108.34
CVSP,1997,105.8
CVSP,1998,106.43
CVSP,1999,104.9
CVSP,2000,106.84
CVSP,2001,106.78
CVSP,2002,107.95
CVSP,2003,106.57
CVSP,2004,106.35
CVSP,2005,106.44
CVSP,2006,108.26
CVSP,2007,107.59
CVSP,2008,107.07
CVSP,2009,105.81
CVSP,2010,106.77
CVSP,2011,107.48
CVSP,2012,107.3
CVSP,2013,107.11
CVSP,2014,105.74
CVSP,2015,106.43
CVSP,2016,107.84
CVSP,2017,108.07
CVSP,2018,106.93
CVSP,2019,107.21
CVSP,2020,109.33
CVSP,2021,107.21
CVSP,2022,106.69
CVSP,2023,107.7
FOL,1990,93.15
FOL,1991,90.97
FOL,1992,92.9
FOL,1993,90.03
FOL,1994,92.68
FOL,1995,89.4
FOL,1996,94.27
FOL,1997,90.43
FOL,1998,89.87
FOL,1999,88.76
FOL,2000,91.18
FOL,2001,91.38
FOL,2002,91.89
FOL,2003,92.3
FOL,2004,91.15
FOL,2005,91.75
FOL,2006,93.05
FOL,2007,91.64
FOL,2008,92.44
FOL,2009,91.1
FOL,2010,90.22
FOL,2011,87.69
FOL,2012,94.62
FOL,2013,95.36
FOL,2014,92.88
FOL,2015,92.62
FOL,2016,92.91
FOL,2017,94.95
FOL,2018,93.21
FOL,2019,92.76
FOL,2020,93.57
FOL,2021,92.11
FOL,2022,93.6
FOL,2023,91.25
FOL,2024,94.86
FOL,2025,92.1
FWF,1990,92.76
FWF,1991,90.65
FWF,1992,92.58
FWF,1993,89.47
FWF,1994,92.26
FWF,1995,88.92
FWF,1996,93.84
FWF,1997,89.95
FWF,1998,89.48
FWF,1999,88.33
FWF,2000,90.79
FWF,2001,91.1
FWF,2002,91.59
FWF,2003,91.93
FWF,2004,90.79
FWF,2005,91.32
FWF,2006,92.73
FWF,2007,91.23
FWF,2008,92.14
FWF,2009,90.63
FWF,2010,89.95
FWF,2011,87.39
FWF,2012,94.21
FWF,2013,94.98
FWF,2014,92.68
FWF,2015,92.37
HDSP,1990,85.72
HDSP,1991,84.78
HDSP,1992,86.54
HDSP,1993,81.89
HDSP,1994,89.22
HDSP,1995,82.43
HDSP,1996,88.05
HDSP,1997,84.1
HDSP,1998,84.74
HDSP,1999,83.35
HDSP,2000,85.86
HDSP,2001,86.94
HDSP,2002,87.72
HDSP,2003,87.5
HDSP,2004,86.32
HDSP,2005,85.15
HDSP,2006,86.74
HDSP,2007,86.6
HDSP,2008,86.45
HDSP,2009,84.4
HDSP,2010,85.4
HDSP,2011,83.13
HDSP,2012,88.08
HDSP,2013,87.89
HDSP,2014,87.28
HDSP,2015,87.6
HDSP,2016,88.64
HDSP,2017,89.63
HDSP,2018,89.25
HDSP,2019,86.71
HDSP,2020,88.71
HDSP,2021,91.32
HDSP,2022,89.06
HDSP,2023,86.84
HDSP,2024,89.71
HDSP,2025,90.48
ISP,1990,105.63
ISP,1991,104.11
ISP,1992,104.87
ISP,1993,105.1
ISP,1994,108.9
ISP,1995,107.14
ISP,1996,108.34
ISP,1997,105.76
ISP,1998,106.39
ISP,1999,104.88
ISP,2000,106.83
ISP,2001,106.77
ISP,2002,107.94
ISP,2003,106.57
ISP,2004,106.39
ISP,2005,106.44
ISP,2006,108.27
ISP,2007,107.59
ISP,2008,107.04
ISP,2009,105.71
ISP,2010,106.67
ISP,2011,107.46
ISP,2012,107.28
ISP,2013,107.09
ISP,2014,105.6
ISP,2015,106.47
ISP,2016,108.17
ISP,2017,108.33
ISP,2018,107.08
ISP,2019,107.36
ISP,2020,109.49
ISP,2021,107.37
ISP,2022,106.93
ISP,2023,107.36
ISP,2024,110.82
ISP,2025,107.76
KVSP,1990,96.4
KVSP,1991,95.24
KVSP,1992,95.96
KVSP,1993,94.67
KVSP,1994,97.93
KVSP,1995,95.06
KVSP,1996,98.68
KVSP,1997,94.77
KVSP,1998,95.29
KVSP,1999,94.41
KVSP,2000,96.9
KVSP,2001,98.0
KVSP,2002,97.71
KVSP,2003,97.91
KVSP,2004,96.58
KVSP,2005,97.48
KVSP,2006,99.24
KVSP,2007,97.49
KVSP,2008,98.27
KVSP,2009,96.6
KVSP,2010,96.32
KVSP,2011,94.26
KVSP,2012,98.17
KVSP,2013,98.71
KVSP,2014,98.78
KVSP,2015,97.84
KVSP,2016,99.3
KVSP,2017,98.38
KVSP,2018,97.44
KVSP,2019,96.5
KVSP,2020,96.73
KVSP,2021,99.69
KVSP,2022,97.71
KVSP,2023,94.27
KVSP,2024,99.21
KVSP,2025,97.09
LAC,1990,94.55
LAC,1991,91.97
LAC,1992,92.43
LAC,1993,91.5
LAC,1994,97.77
LAC,1995,94.4
LAC,1996,98.02
LAC,1997,93.63
LAC,1998,93.51
LAC,1999,93.03
LAC,2000,95.3
LAC,2001,96.3
LAC,2002,97.52
LAC,2003,97.25
LAC,2004,95.8
LAC,2005,95.14
LAC,2006,97.68
LAC,2007,97.87
LAC,2008,97.85
LAC,2009,94.31
LAC,2010,94.69
LAC,2011,93.9
LAC,2012,96.72
LAC,2013,96.93
LAC,2014,94.83
LAC,2015,95.11
LAC,2016,99.12
LAC,2017,99.24
LAC,2018,98.07
LAC,2019,96.74
LAC,2020,97.02
LAC,2021,99.42
LAC,2022,98.74
LAC,2023,94.22
LAC,2024,99.19
LAC,2025,96.13
MCSP,1990,92.82
MCSP,1991,90.71
MCSP,1992,92.64
MCSP,1993,90.79
MCSP,1994,93.52
MCSP,1995,90.1
MCSP,1996,94.97
MCSP,1997,91.01
MCSP,1998,90.72
MCSP,1999,89.66
MCSP,2000,92.24
MCSP,2001,93.03
MCSP,2002,93.39
MCSP,2003,93.93
MCSP,2004,92.27
MCSP,2005,92.6
MCSP,2006,94.16
MCSP,2007,92.91
MCSP,2008,93.6
MCSP,2009,91.88
MCSP,2010,90.77
MCSP,2011,88.81
MCSP,2012,94.72
MCSP,2013,95.53
MCSP,2014,93.74
MCSP,2015,93.15
MCSP,2016,93.52
MCSP,2017,95.38
MCSP,2018,93.8
MCSP,2019,93.36
MCSP,2020,94.51
MCSP,2021,94.0
MCSP,2022,93.12
MCSP,2023,92.1
MCSP,2024,93.32
MCSP,2025,89.87
NKSP,1990,96.4
NKSP,1991,95.24
NKSP,1992,95.96
NKSP,1993,94.67
NKSP,1994,97.93
NKSP,1995,95.06
NKSP,1996,98.68
NKSP,1997,94.77
NKSP,1998,95.29
NKSP,1999,94.41
NKSP,2000,96.9
NKSP,2001,98.0
NKSP,2002,97.71
NKSP,2003,97.91
NKSP,2004,96.58
NKSP,2005,97.48
NKSP,2006,99.24
NKSP,2007,97.49
NKSP,2008,98.27
NKSP,2009,96.6
NKSP,2010,96.32
NKSP,2011,94.26
NKSP,2012,98.17
NKSP,2013,98.71
NKSP,2014,98.78
NKSP,2015,97.84
NKSP,2016,99.3
NKSP,2017,98.38
NKSP,2018,97.44
NKSP,2019,96.5
NKSP,2020,96.73
NKSP,2021,99.69
NKSP,2022,97.71
NKSP,2023,94.27
NKSP,2024,99.21
NKSP,2025,97.09
PBSP,1990,67.56
PBSP,1991,65.51
PBSP,1992,67.31
PBSP,1993,68.46
PBSP,1994,67.45
PBSP,1995,67.91
PBSP,1996,66.72
PBSP,1997,68.98
PBSP,1998,67.36
PBSP,1999,66.18
PBSP,2000,66.27
PBSP,2001,65.52
PBSP,2002,65.65
PBSP,2003,67.72
PBSP,2004,68.71
PBSP,2005,67.25
PBSP,2006,66.24
PBSP,2007,68.29
PBSP,2008,65.71
PBSP,2009,66.23
PBSP,2010,64.98
PBSP,2011,66.32
PBSP,2012,66.05
PBSP,2013,67.32
PBSP,2014,68.41
PBSP,2015,69.76
PBSP,2016,67.09
PBSP,2017,66.85
PBSP,2018,67.14
PBSP,2019,69.19
PBSP,2020,67.8
PBSP,2021,65.63
PBSP,2022,64.75
PBSP,2023,65.46
PBSP,2024,66.58
PBSP,2025,66.86
PVSP,1990,96.87
PVSP,1991,96.05
PVSP,1992,95.98
PVSP,1993,95.27
PVSP,1994,98.85
PVSP,1995,95.84
PVSP,1996,100.2
PVSP,1997,95.47
PVSP,1998,96.06
PVSP,1999,94.89
PVSP,2000,96.93
PVSP,2001,98.25
PVSP,2002,97.95
PVSP,2003,97.57
PVSP,2004,96.86
PVSP,2005,97.69
PVSP,2006,98.79
PVSP,2007,97.85
PVSP,2008,99.41
PVSP,2009,97.96
PVSP,2010,97.38
PVSP,2011,94.68
PVSP,2012,98.41
PVSP,2013,99.17
PVSP,2014,100.19
PVSP,2015,98.01
PVSP,2016,98.98
PVSP,2017,99.87
PVSP,2018,96.83
PVSP,2019,96.25
PVSP,2020,98.29
PVSP,2021,100.7
PVSP,2022,98.86
PVSP,2023,95.49
PVSP,2024,98.94
PVSP,2025,96.74
RJD,1990,79.57
RJD,1991,74.87
RJD,1992,80.35
RJD,1993,76.81
RJD,1994,80.08
RJD,1995,79.17
RJD,1996,79.82
RJD,1997,78.93
RJD,1998,79.98
RJD,1999,76.7
RJD,2000,79.15
RJD,2001,78.07
RJD,2002,76.81
RJD,2003,78.05
RJD,2004,77.58
RJD,2005,78.49
RJD,2006,82.81
RJD,2007,79.44
RJD,2008,79.75
RJD,2009,79.36
RJD,2010,75.61
RJD,2011,78.08
RJD,2012,78.98
RJD,2013,78.95
RJD,2014,80.3
RJD,2015,80.16
RJD,2016,80.66
RJD,2017,79.58
RJD,2018,80.06
RJD,2019,77.72
RJD,2020,79.27
RJD,2021,77.43
RJD,2022,77.76
RJD,2023,75.75
RJD,2024,78.05
RJD,2025,76.02
SAC,1990,92.76
SAC,1991,90.65
SAC,1992,92.58
SAC,1993,89.47
SAC,1994,92.26
SAC,1995,88.92
SAC,1996,93.84
SAC,1997,89.95
SAC,1998,89.48
SAC,1999,88.33
SAC,2000,90.79
SAC,2001,91.1
SAC,2002,91.59
SAC,2003,91.93
SAC,2004,90.79
SAC,2005,91.32
SAC,2006,92.73
SAC,2007,91.23
SAC,2008,92.14
SAC,2009,90.63
SAC,2010,89.95
SAC,2011,87.39
SAC,2012,94.21
SAC,2013,94.98
SAC,2014,92.68
SAC,2015,92.37
SAC,2016,92.62
SAC,2017,94.69
SAC,2018,92.95
SAC,2019,92.44
SAC,2020,93.31
SAC,2021,91.99
SAC,2022,93.44
SAC,2023,91.12
SAC,2024,94.15
SAC,2025,91.51
SATF,1990,94.81
SATF,1991,93.75
SATF,1992,94.38
SATF,1993,92.72
SATF,1994,96.45
SATF,1995,94.48
SATF,1996,97.84
SATF,1997,93.98
SATF,1998,95.02
SATF,1999,93.84
SATF,2000,96.08
SATF,2001,97.07
SATF,2002,97.12
SATF,2003,96.81
SATF,2004,95.94
SATF,2005,96.4
SATF,2006,97.87
SATF,2007,96.94
SATF,2008,98.22
SATF,2009,96.24
SATF,2010,95.53
SATF,2011,93.36
SATF,2012,97.14
SATF,2013,97.85
SATF,2014,98.69
SATF,2015,97.18
SATF,2016,99.04
SATF,2017,100.0
SATF,2018,97.99
SATF,2019,97.7
SATF,2020,97.28
SATF,2021,100.2
SATF,2022,97.97
SATF,2023,95.32
SATF,2024,99.19
SATF,2025,97.18
SCC,1990,93.18
SCC,1991,91.45
SCC,1992,92.11
SCC,1993,90.41
SCC,1994,94.07
SCC,1995,90.01
SCC,1996,94.8
SCC,1997,91.46
SCC,1998,90.65
SCC,1999,88.88
SCC,2000,91.47
SCC,2001,92.14
SCC,2002,92.52
SCC,2003,93.09
SCC,2004,91.85
SCC,2005,92.1
SCC,2006,94.03
SCC,2007,92.61
SCC,2008,93.78
SCC,2009,92.22
SCC,2010,90.85
SCC,2011,88.79
SCC,2012,94.59
SCC,2013,95.22
SCC,2014,93.1
SCC,2015,92.84
SCC,2016,94.16
SCC,2017,95.34
SCC,2018,93.2
SCC,2019,92.9
SCC,2020,93.52
SCC,2021,95.59
SCC,2022,93.49
SCC,2023,91.07
SCC,2024,94.05
SCC,2025,91.17
SOL,1990,90.34
SOL,1991,87.67
SOL,1992,90.36
SOL,1993,90.04
SOL,1994,90.61
SOL,1995,89.25
SOL,1996,93.25
SOL,1997,89.48
SOL,1998,89.09
SOL,1999,88.71
SOL,2000,89.22
SOL,2001,90.19
SOL,2002,90.75
SOL,2003,91.15
SOL,2004,89.84
SOL,2005,89.96
SOL,2006,91.67
SOL,2007,90.59
SOL,2008,91.66
SOL,2009,89.46
SOL,2010,88.81
SOL,2011,86.51
SOL,2012,91.12
SOL,2013,92.61
SOL,2014,91.04
SOL,2015,92.02
SOL,2016,91.57
SOL,2017,92.89
SOL,2018,91.43
SOL,2019,92.04
SOL,2020,93.37
SOL,2021,93.44
SOL,2022,92.44
SOL,2023,90.23
SOL,2024,92.88
SOL,2025,89.03
SQ,1990,75.11
SQ,1991,72.01
SQ,1992,74.35
SQ,1993,76.59
SQ,1994,75.01
SQ,1995,76.37
SQ,1996,77.02
SQ,1997,75.76
SQ,1998,74.76
SQ,1999,72.58
SQ,2000,73.58
SQ,2001,73.97
SQ,2002,74.12
SQ,2003,75.73
SQ,2004,74.6
SQ,2005,73.69
SQ,2006,75.93
SQ,2007,74.49
SQ,2008,75.53
SQ,2009,73.74
SQ,2010,72.31
SQ,2011,71.8
SQ,2012,72.91
SQ,2013,75.07
SQ,2014,77.37
SQ,2015,77.85
SQ,2016,72.69
SQ,2017,73.88
SQ,2018,74.77
SQ,2019,76.42
SQ,2020,76.46
SQ,2021,73.89
SQ,2022,76.51
SQ,2023,73.52
SQ,2024,75.59
SQ,2025,73.2
SVSP,1990,76.51
SVSP,1991,73.53
SVSP,1992,76.36
SVSP,1993,76.95
SVSP,1994,76.28
SVSP,1995,76.87
SVSP,1996,78.71
SVSP,1997,76.66
SVSP,1998,75.78
SVSP,1999,74.12
SVSP,2000,75.78
SVSP,2001,76.69
SVSP,2002,76.57
SVSP,2003,78.21
SVSP,2004,76.65
SVSP,2005,76.25
SVSP,2006,78.31
SVSP,2007,76.88
SVSP,2008,77.77
SVSP,2009,76.57
SVSP,2010,74.08
SVSP,2011,74.28
SVSP,2012,77.81
SVSP,2013,79.03
SVSP,2014,77.37
SVSP,2015,77.48
SVSP,2016,75.93
SVSP,2017,79.64
SVSP,2018,79.96
SVSP,2019,79.77
SVSP,2020,78.83
SVSP,2021,76.75
SVSP,2022,79.82
SVSP,2023,77.48
SVSP,2024,76.06
SVSP,2025,73.72
VSP,1990,93.55
VSP,1991,91.93
VSP,1992,92.98
VSP,1993,91.5
VSP,1994,95.15
VSP,1995,91.97
VSP,1996,96.19
VSP,1997,92.47
VSP,1998,92.28
VSP,1999,90.9
VSP,2000,93.41
VSP,2001,93.91
VSP,2002,93.87
VSP,2003,94.65
VSP,2004,93.48
VSP,2005,93.98
VSP,2006,95.59
VSP,2007,94.23
VSP,2008,94.89
VSP,2009,93.62
VSP,2010,90.99
VSP,2011,90.46
VSP,2012,95.48
VSP,2013,96.15
VSP,2014,94.75
VSP,2015,94.61
VSP,2016,96.47
VSP,2017,96.99
VSP,2018,96.34
VSP,2019,95.92
VSP,2020,96.16
VSP,2021,96.71
VSP,2022,95.53
VSP,2023,93.08
VSP,2024,96.37
VSP,2025,94.3
WSP,1990,97.27
WSP,1991,96.04
WSP,1992,96.97
WSP,1993,95.76
WSP,1994,97.91
WSP,1995,95.14
WSP,1996,98.86
WSP,1997,95.61
WSP,1998,96.09
WSP,1999,95.13
WSP,2000,97.82
WSP,2001,99.49
WSP,2002,98.98
WSP,2003,99.24
WSP,2004,97.4
WSP,2005,98.4
WSP,2006,99.49
WSP,2007,98.6
WSP,2008,98.66
WSP,2009,97.12
WSP,2010,97.39
WSP,2011,95.18
WSP,2012,98.86
WSP,2013,99.41
WSP,2014,100.27
WSP,2015,98.18
WSP,2016,100.94
WSP,2017,99.82
WSP,2018,99.06
WSP,2019,97.28
WSP,2020,97.95
WSP,2021,100.41
WSP,2022,98.93
WSP,2023,96.78
WSP,2024,99.25
WSP,2025,97.96
