cdcr_code,name,facilityid,latitude,longitude,tract_geoid,average_2025_population,loca2_days_over_avg_plus10_historic,loca2_days_over_avg_plus10_midcentury,loca2_days_over_90_historic,loca2_days_over_90_midcentury,loca2_nights_over_p95_historic,loca2_nights_over_p95_midcentury,AQI_norm,days_indoor_above_78f_2025,days_outdoor_above_78f_2025,ratio_indoor_to_outdoor,uhi_normalized,pct_hu_mechanical,pct_hu_evaporative,pct_hu_air_handlers,cchcs_high_risk_p1_pct_2025,cchcs_high_risk_p2_pct_2025,cchcs_medium_risk_pct_2025,cchcs_age_over_50_pct_2025,cchcs_mental_health_eop_pct_2025,cchcs_dpp_pct_2025,race_peopleofcolor_pct,gender_female_pct,rhu_pct_2025,dist_nearest_medical_mi,in_urban_area_2020,california_model_facility,year_opened
ASP,Avenal State Prison,10000826,35.97394943680589,-120.123101823151,6031981800,3891.0,6.304,20.167,97.28,126.556,13.98,40.767,34.12999199345762,132,162,0.815,0.0,0.0,1.0,0.0,0.0,0.1,38.4,28.8,0.0,4.0,0.7460164482138267,0.0,0.0,0.33,True,,1987.0
CAL,Calipatria State Prison,10002347,33.16569335411168,-115.4843440200192,6025010101,2462.0,2.552,15.587,180.912,208.379,13.871,36.46,34.1657626589918,137,181,0.757,0.0,1.0,0.0,0.0,1.0,3.4,16.9,10.3,0.0,3.9,0.9204914703493096,0.0,4.15,0.51,False,,1992.0
CCI,California Correctional Institution,10001530,35.10991555190383,-118.57033067748,6029006002,2434.0,6.692,30.148,11.199,40.234,14.726,48.796,45.871387949762784,115,90,1.278,,0.0455,0.0,0.9545,1.6,7.3,53.4,17.8,6.2,5.7,0.8293618186798137,0.0,3.1333,0.41,False,,1954.0
CCWF,Central California Women's Facility,10000801,37.0936807963828,-120.15270979438849,6039000201,2040.0,5.679,23.697,102.367,132.338,14.372,50.051,54.67109503384696,97,162,0.599,0.0914,0.0,1.0,0.0,9.4,11.6,59.9,20.8,5.0,14.1,0.7066993464052289,0.977777777777778,2.6,0.26,False,Yes,1990.0
CEN,Centinela State Prison,10002348,32.82339731050856,-115.7890554901459,6025012301,2984.0,2.633,14.013,176.832,203.363,14.019,39.962,43.55668748025076,42,184,0.228,0.0,1.0,0.0,0.0,1.0,2.4,18.9,12.3,0.0,4.0,0.93923145665773,0.0,2.475,0.25,False,,1993.0
CHCF,California Health Care Facility - Stockton,10000799,37.89778736654379,-121.1905848230992,6077005131,2251.0,8.81,25.529,81.508,116.528,14.806,51.188,48.03373276709035,0,161,0.0,0.3422,1.0,0.0,0.0,50.9,20.2,21.0,63.3,20.8,55.8,0.7001332741003998,0.0,1.35,0.3,True,,2013.0
CIM,California Institution for Men,10000836,33.98471244959707,-117.68239170046569,6071012202,2274.0,12.821,36.912,69.626,112.261,14.406,46.871,94.40464835864267,161,162,0.994,1.0,0.4286,0.0,0.5714,22.6,25.8,31.4,56.6,7.4,27.0,0.7568528290823805,0.0,3.1917,0.52,True,,1941.0
CIW,California Institution for Women,10002341,33.94974539755923,-117.6363650322742,6071001907,1187.0,13.494,37.006,74.398,115.488,14.306,46.617,75.58603784147648,150,164,0.915,0.6051,0.3636,0.6364,0.0,11.7,13.1,51.6,22.0,5.8,17.2,0.6763549564729008,1.0,1.3917,1.34,True,,1952.0
CMC,California Men's Colony,10002345,35.324574100099134,-120.69890041992886,6079011400,2172.0,24.081,44.344,3.928,8.8,12.123,29.522,21.635279342708017,33,47,0.702,0.0698,0.1875,0.0,0.8125,6.7,13.9,51.2,29.5,29.8,11.2,0.8050184162062615,0.0,6.4667,0.24,False,,1961.0
CMF,California Medical Facility,10000785,38.3285102029971,-121.97916451130509,6095253000,2045.0,14.456,31.62,56.557,91.712,14.39,41.335,40.62387437615521,135,146,0.925,0.5814,0.5283,0.4717,0.0,33.9,21.5,31.3,53.2,24.2,43.9,0.7223716381418093,0.0024449877750611,2.8167,0.07,True,,1955.0
COR,"California State Prison, Corcoran",10000824,36.060818292814254,-119.54912102574772,6031980100,2629.0,4.576,19.448,117.128,144.131,14.505,51.848,61.689244197361795,159,163,0.975,0.5779,0.0,1.0,0.0,8.8,15.1,47.6,40.1,9.8,18.4,0.7950107772283506,0.0,13.6083,0.27,True,Yes,1988.0
CRC,California Rehabilitation Center,10000857,33.9292530412966,-117.5725312861978,6065046601,2330.0,11.116,33.5,87.692,127.125,14.379,47.937,59.583481416329555,149,155,0.961,0.5713,0.0833,0.0278,0.8889,3.3,7.8,41.8,26.0,1.8,4.0,0.8332618025751072,0.0,0.0,0.38,True,,1962.0
CTF,Correctional Training Facility,10000817,36.46964827416208,-121.38223254073095,6053010900,4225.0,18.034,31.678,25.091,42.404,12.619,36.067,12.204984562477916,60,31,1.935,0.0,0.0,0.0455,0.9545,5.0,12.6,30.8,48.5,0.0,14.7,0.8239842209072978,0.0,2.525,0.42,False,,1946.0
FOL,Folsom State Prison,10000780,38.69538346625723,-121.1630323451162,6067988300,2777.0,10.096,27.782,84.094,114.717,15.022,45.32,42.258666363697984,158,144,1.097,0.0,0.25,0.75,0.0,3.5,8.5,30.2,26.8,0.0,3.4,0.8839274996999159,0.0,4.325,0.22,True,,1880.0
HDSP,High Desert State Prison,10002310,40.40786908373915,-120.51339082085426,6035040400,2719.0,7.878,34.276,55.439,87.932,16.288,49.815,23.94519366034654,89,128,0.695,0.041,0.0345,0.9655,0.0,4.9,7.8,52.4,20.3,3.8,17.9,0.8000796861591273,0.0,3.6667,0.53,False,,1995.0
ISP,Ironwood State Prison,10000861,33.56097662668156,-114.9260675684116,6065981000,2764.0,2.317,15.75,177.612,203.227,14.543,41.086,65.61582130994081,1,183,0.005,0.0,1.0,0.0,0.0,2.0,6.9,16.9,35.8,0.0,7.6,0.8630607814761215,0.0,2.525,1.12,False,,1994.0
KVSP,Kern Valley State Prison,10000844,35.76647451591408,-119.32536275967016,6029004603,3092.0,4.698,20.033,117.651,144.41,14.31,46.68,54.240175514320654,66,162,0.407,0.1504,0.1,0.0,0.9,4.4,8.8,53.2,14.8,10.9,12.2,0.9123814144027595,0.0,6.425,1.48,False,,2005.0
LAC,"California State Prison, Los Angeles County",10002353,34.693596500791955,-118.2276135961975,6037901003,2949.0,7.021,27.765,91.275,127.294,15.148,50.155,34.084143030236156,39,162,0.241,0.0,0.0455,0.9545,0.0,11.7,15.1,49.8,25.0,20.5,21.5,0.9018028710297276,0.0,7.075,1.51,True,,1993.0
MCSP,Mule Creek State Prison,10000782,38.37074337471898,-120.95344581511613,6005000301,3761.0,9.624,28.179,91.38,121.583,14.527,47.716,23.079087058140587,11,138,0.08,0.2625,0.1364,0.8636,0.0,19.9,18.6,44.4,38.2,21.1,26.8,0.7051094567047772,0.0,2.725,0.17,False,,1987.0
NKSP,North Kern State Prison,10000841,35.78188517301339,-119.30987566982682,6029004601,2570.0,4.56,20.532,115.261,141.668,14.275,46.537,58.88274154861368,134,162,0.827,0.6276,0.04,0.96,0.0,1.5,4.4,46.9,13.2,3.1,3.8,0.813780804150454,0.0,3.3667,0.21,False,,1993.0
PBSP,Pelican Bay State Prison,10002309,41.85480855418667,-124.1490751163596,6015000201,2096.0,13.351,23.191,1.358,1.694,12.271,38.142,21.345065727058465,63,4,15.75,0.3097,0.0345,0.0,0.9655,3.0,8.8,53.0,25.9,4.5,10.2,0.8045881043256998,0.0,4.7583,0.21,False,,1989.0
PVSP,Pleasant Valley State Prison,10000810,36.131473239777144,-120.24889960644474,6019007903,2992.0,5.491,22.3,107.325,136.008,14.198,45.639,17.850388774590186,67,163,0.411,,0.0435,0.9565,0.0,0.0,0.5,43.5,11.8,5.1,4.2,0.796401515151515,0.0,3.3333,0.37,False,,1994.0
RJD,RJ Donovan Correctional Facility,10000869,32.58456492210108,-116.9335763874008,6073010016,3592.0,13.601,31.518,19.185,41.537,13.251,33.669,71.2991253984341,114,59,1.932,0.0,0.3478,0.0,0.6522,21.3,20.8,40.0,44.8,25.5,33.5,0.7720165181885672,0.0,3.5917,0.76,False,Yes,1987.0
SAC,"California State Prison, Sacramento",10002322,38.694444232143624,-121.15390376526624,6067988300,2131.0,7.714,24.935,61.856,93.602,14.737,42.76,42.258666363697984,133,143,0.93,0.0,0.08,0.92,0.0,11.8,22.8,47.2,23.7,41.2,16.6,0.8562490223682153,0.0,12.7333,0.43,True,Yes,1986.0
SATF,California Substance Abuse Treatment Facility,10000825,36.05395908338128,-119.54782062864966,6031980100,5358.0,4.576,19.448,117.128,144.131,14.505,51.848,61.689244197361795,133,163,0.816,0.6008,0.0625,1.0312,0.0,8.5,12.7,52.2,34.9,11.5,25.4,0.8041091203185267,0.0,1.9167,0.21,True,Yes,1997.0
SCC,Sierra Conservation Center,10001522,37.89168865412792,-120.53654018648405,6109985202,4035.0,7.753,28.299,87.126,119.279,14.26,45.56,23.802979386426276,154,148,1.041,0.0,0.0,0.0617,0.9383,0.0,1.2,12.2,10.0,0.0,2.3,0.796489054109872,0.0,2.8917,0.2,False,,1965.0
SOL,"California State Prison, Solano",10002323,38.320776607604,-121.97523692020748,6095253000,3735.0,14.456,31.62,56.557,91.712,14.39,41.335,40.62387437615521,159,146,1.089,0.5814,0.16,0.24,0.6,7.6,10.9,25.3,28.5,0.0,14.3,0.9250111557340472,0.0,2.95,0.52,True,,1984.0
SQ,San Quentin Rehabilitation Center,10000790,37.940039851419016,-122.4903665969169,6041122000,2688.0,13.134,28.031,21.696,41.899,14.535,50.111,31.085921282338564,41,29,1.414,0.0,0.0,0.0,1.0,16.1,21.2,36.7,51.0,9.2,16.2,0.7486049107142857,0.0,2.5917,0.49,True,Yes,1852.0
SVSP,Salinas Valley State Prison,10000821,36.47885711260287,-121.37439425565836,6053010900,2387.0,17.882,32.797,18.327,33.557,12.793,37.3,12.204984562477916,1,31,0.032,0.0,0.1304,0.8696,0.0,10.0,12.4,48.8,21.1,11.4,17.8,0.882802681189778,0.0,4.5667,1.17,False,Yes,1996.0
VSP,Valley State Prison,10000802,37.105477428630245,-120.15547185750694,6039000201,3148.0,5.693,23.6,103.01,132.857,14.415,49.51,54.67109503384696,52,162,0.321,0.0914,0.0,1.0,0.0,13.0,16.1,39.8,48.8,10.4,34.2,0.7310726387124099,0.0,1.0083,1.08,False,Yes,1995.0
WSP,Wasco State Prison,10000847,35.59431194493489,-119.40833193657431,6029004302,3676.0,4.547,19.416,119.799,146.872,14.199,42.032,56.9272052060359,136,166,0.819,0.4839,0.0,1.0,0.0,1.4,4.6,48.4,12.3,3.4,5.2,0.8020946681175191,0.0,2.15,0.19,False,,1991.0
